brand,station_count,location_count
COMPASS ONE,4,11
SUBWAY,8,7
EVERGREENS SALAD,5,7
CAFFE LADRO,5,5
BLUE WATER TACO GRILL,4,4
CITY MARKET,4,4
MUD BAY,4,4
RUDYS BARBERSHOP,4,4
TOP POT DOUGHNUTS,4,4
TACO DEL MAR,3,4
BON APPETIT MANAGEMENT,2,4
DOUGH ZONE DUMPLING HOUSE,5,3
FLIK INTERNATIONAL,5,3
GREAT STATE BURGER,5,3
JUST POKE,5,3
METRO BY T MOBILE,5,3
WESTMANS BAGELS,5,3
CAPELLIS GENTLEMENS BARBERSHOP,4,3
CHIPOTLE MEXICAN GRILL,4,3
MONORAIL ESPRESSO,4,3
T MOBILE FINANCIAL,4,3
TP TEA,4,3
A PIZZA MART,3,3
ANCHORHEAD COFFEE,3,3
EUREST DINING,3,3
I J SUSHI BURRITO,3,3
PAGLIACCI PIZZA,3,3
POTBELLY SANDWICH SHOP,3,3
BOD STARBUCKS,1,3
ESPRESSO VIVACE,1,3
CAFFE UMBRIA,5,2
BUTLER PARKING,4,2
CENTERPLATE,4,2
CITY GRIND ESPRESSO,4,2
HAIR GALLERY SALON,4,2
KASALA,4,2
KELLEY ROSS COMPOUNDING PHARMACY,4,2
LEON COFFEE HOUSE,4,2
LUNE CAFE,4,2
MOLLY MOONS HOMEMADE ICE CREAM,4,2
OLYMPIA COFFEE ROASTING,4,2
PCC COMMUNITY MARKETS,4,2
PHO BO,4,2
PINK GORILLA GAMES,4,2
PS SALON SPA,4,2
SALT STRAW,4,2
SAMURAI NOODLE,4,2
SEATTLE CHINESE HERBS,4,2
SUB POP RECORDS,4,2
TAVOLATA,4,2
THE JUICY CAFE,4,2
VICTROLA COFFEE,4,2
663 BISTRO,3,2
A GOOD CULT,3,2
ARMISTICE COFFEE,3,2
ARTAS USUWIL,3,2
BOGEY BOYS,3,2
BOON BOONA COFFEE,3,2
CAFFE DARTE,3,2
CHEF STORE,3,2
EL GRINGO IMPORTS,3,2
FANTAGRAPHICS BOOKS,3,2
HAIR TO YOU,3,2
JOE THE JUICE,3,2
KAJIKEN,3,2
KSWB LEATHER,3,2
LOCUST CIDER,3,2
MENDOCINO FARMS,3,2
MINTISH COFFEE HOUSE,3,2
NORDSTROM RACK,3,2
PARS GROUP,3,2
RESTAURANT ASSOCIATES,3,2
SEATTLE SHIRT COMPANY,3,2
SIMPLY SEATTLE,3,2
SOLA SALON STUDIOS,3,2
SSJADESIGNS,3,2
STORYVILLE COFFEE COMPANY,3,2
SUGAR PLUM,3,2
SUIT SUPPLY,3,2
TAROT CROW,3,2
TASTE OF ASIA,3,2
THE CRAB POT,3,2
TRISONS,3,2
VERVE BOWLS,3,2
WALLA WALLA FARMS CAFE,3,2
ALDER ASH,2,2
ALL THE BEST PET CARE,2,2
ART PRIMO,2,2
ARTLY COFFEE,2,2
BARNES NOBLE BOOKSELLERS,2,2
BBS TERIYAKI GRILL,2,2
BELMONT,2,2
BROW ARC,2,2
DEEP ROOTS,2,2
DOG IN THE PARK,2,2
FARESTART,2,2
FEATHERED FRIENDS,2,2
FRAME CENTRAL,2,2
GENOA HEALTHCARE,2,2
HONDA OF SEATTLE,2,2
HPG,2,2
INSOMNIA COOKIES,2,2
JORDAN,2,2
JULIUS,2,2
OUR FABRIC STASH,2,2
PACMED CLINIC PHARMACIES,2,2
PASEO,2,2
PHO CYCLO CAFE,2,2
PIKE PLACE CHOWDER,2,2
PIUS KITCHEN BATH,2,2
PORTAGE BAY CAFE,2,2
PRIME NOW,2,2
SAIGON DELI,2,2
SHANTI THREADING SALON,2,2
SPICE WAALA,2,2
SUGAR BAKERY,2,2
SUNRIGHT TEA STUDIO,2,2
TACOS CHUKIS,2,2
TEA ADDICTS,2,2
TETO S CANTINA,2,2
VICTROLA COFFEE ROASTERS,2,2
WHOLE FOODS MARKET,2,2
5 STAR CAFE BAR,1,2
AN NAM PHO,1,2
ARIZONAS,1,2
BEST OF THE BEST MINI MART,1,2
CAPITOL LOANS,1,2
CARMELOS TACOS,1,2
COLD PLATE,1,2
CORVUS AND COMPANY,1,2
EMERALD CITY SMOOTHIE,1,2
HAIR SHARP SALON,1,2
HATCH HAIR COMPANY,1,2
HAZY VINTAGE,1,2
HILLCREST MARKET,1,2
KOREAN TOFU HOUSE,1,2
NATHANS BARBER SHOP,1,2
OOINK,1,2
PAULS ITALIAN KITCHEN,1,2
PELICANA CHICKEN,1,2
RECETAS DE ABUELITA,1,2
RELAX FOOT MASSAGE,1,2
RENDEZVOUS,1,2
SAKANA SUSHI KITCHEN,1,2
SHAWARMA KING,1,2
TAVERN LAW,1,2
TEA REPUBLIK,1,2
TESLA,1,2
THE SPACE,1,2
U DUPBOP,1,2
UNCLE IKES,1,2
WELCOME NAILS,1,2
YAN TEA,1,2
7 ELEVEN 37068A,4,1
A PLUS SET APART LIVING,4,1
AROOM,4,1
ARUNDEL BOOKS OF SEATTLE,4,1
ASIAN EXPRESS AND SOUP LADLE,4,1
BACKUP ALTERN ENERGY SOLUTIONS,4,1
BELLE EPICUREAN,4,1
BON APPETIT F5 NETWORKS,4,1
BREAK ROOM,4,1
CAFE HITCHCOCK,4,1
CAKE BY NEJLA,4,1
CAMBRIDGE MOBILE TELEMATICS,4,1
CASA DI LAVALLE,4,1
CENTRAL CAFE JUICE BAR,4,1
CHANGE NOTIFICATION TEST 55,4,1
CHRISTIAN GREVSTAD COLLECTION,4,1
COLMAN BUILDING BARBERSHOP,4,1
DARKALINO S,4,1
DONBURI HOUSE,4,1
E3 RESTURANT GROUP,4,1
ELEMENTAL PIZZA CC,4,1
ELEMENTS INTERIORS,4,1
EXQUISITE CREATURES SEATTLE,4,1
EXQUISITE FLORAL,4,1
FERRY NOODLE HOUSE,4,1
FIRESONG GALLERY,4,1
FLATSTICK PUB,4,1
FRUITCOCKTAIL COLLECTABLES,4,1
GEERGARAGE,4,1
GOOD BAR,4,1
GOOD COFFEE COMPANY,4,1
GORDO STEAK,4,1
GRAY SKY GALLERY,4,1
GREENHART GROCERY,4,1
HAIR BY ALISE,4,1
HAPS SEATTLE,4,1
HEARTS ARROWS,4,1
HOMEGROWN,4,1
JIMMY JOHNS GOURMET SANDWICHES 1346,4,1
JOAN CRUZ BARBERSHOP,4,1
KDC,4,1
KETTLE KORN TO GO,4,1
KIM STUDIO,4,1
LANGHAM STREET VENTURES,4,1
LEICHT SEATTLE,4,1
MAIN STREET GYROS,4,1
MARKET FRESH,4,1
MARTYR SAUCE,4,1
MEGYN SPEARING HAIR,4,1
METROPOLITAN GRILL,4,1
MIKES,4,1
OWL N THISTLE THE,4,1
PARADISE COFFEE 2,4,1
PARADISE COFFEE 3,4,1
PARADISE COFFEE NHU Y TEST ACCT,4,1
PEGASUS COFFEE BAR,4,1
PETERS FIRST INTERSTATE FLOWERS,4,1
PIONEER SQUARE MARKET DELI,4,1
PRETTY TO A T,4,1
PU POWDER,4,1
RED BOWLS,4,1
RHAPSODY INTERNATIONAL,4,1
SAIGON DRIP KITCHEN,4,1
SCOOPS SEATTLE,4,1
SERINA M SALON,4,1
SINK DOWN,4,1
SIX17 SALON,4,1
SOUP LADLE,4,1
STARBUCKS COFFEE 101,4,1
STARBUCKS COFFEE 16741,4,1
STARBUCKS COFFEE 3347,4,1
STORICA STUDIO,4,1
STUDIO AEON,4,1
SUMMER SMITH,4,1
SUPER CHIX 1036,4,1
SUSHI KUDASAI,4,1
SUSHI KUDASAI III,4,1
TEST ACC,4,1
THE LEEKY FIG,4,1
TINY BAKES,4,1
TREASURES GIFTS SNACKS,4,1
TWICE BURGER,4,1
WIFE DAYCARE,4,1
XTADIUM,4,1
028 BARBER SHOP,3,1
13 COINS STADIUM,3,1
1928 TAP AND GRILL,3,1
206 BURGER COMPANY,3,1
3 WHEEL MOTION,3,1
4TH AVENUE BLDG,3,1
505 DIMPLES,3,1
66 SHARK TEETH,3,1
7 ATE 9 CLOTHING,3,1
84 YESLER,3,1
A B CAFE,3,1
A N FOOD GROUP,3,1
A PLUS HONG KONG KITCHEN,3,1
ACCENTS ON YOU SALON,3,1
ACQUAINTANCE COFFEE,3,1
ACRES OF CLAMS,3,1
ADORE,3,1
AHF PHARMACY,3,1
ALASKAN SOURDOUGH BAKERY,3,1
ALICES FLORAL DESIGNS,3,1
ALOHA PLATES,3,1
ALSIP,3,1
AMAZING ARTIST RECYCLER,3,1
AMBROSIA,3,1
ANANAS PIZZERIA,3,1
AND OAR,3,1
ANDERSONS COMFORT FOOTWEAR,3,1
ANGEL SPA,3,1
ANGELA C PARRIOTT,3,1
ANN ORIGINAL,3,1
ANYOUNG SUPER,3,1
APLUS HONG KONG KITCHEN,3,1
APPLE,3,1
APU WICHAY DESIGN,3,1
ARGENTUM,3,1
ART BY VIKRAM MADAN,3,1
ARTI PINNER,3,1
ASIA BARBEQUE FAST FOODS,3,1
ASIA GINGER TERIYAKI,3,1
ATMOSPHERE BEAUTY WELLNESS CLUB,3,1
ATRIUM PHOTOGRAPHY,3,1
AZUMA GALLERY,3,1
BABA YAGA,3,1
BACK ALLEY BIKE REPAIR,3,1
BAEGOPA,3,1
BAGELBOP,3,1
BANNER BAGS,3,1
BAO AN HERBS GROCERYCOMPANY,3,1
BASIC CUT BARBERSHOP,3,1
BASILIC,3,1
BATTATI DATES,3,1
BAXTER AND FROST,3,1
BE MI,3,1
BEAN AND BARREL,3,1
BEANFISH,3,1
BEGUILED BOOKS,3,1
BEIJING ARTS,3,1
BELLWETHER BBQ GRILL,3,1
BEM SKINCARE,3,1
BENAROYA HONOR COFFEE,3,1
BENEDETTO,3,1
BETSYBELL ENTERPRISES,3,1
BEVERLY,3,1
BIG OCEAN TRADING,3,1
BK LONDONS SANDSTORM,3,1
BLAKE R RICHARDSON,3,1
BLARNEY STONE PUB,3,1
BLAZEN,3,1
BLUE DIAMOND SPA,3,1
BLUE SNOW WOOD CONCEPTS,3,1
BLUE WILLOW,3,1
BOILING POINT RESTAURANT SEATTLE,3,1
BOMB BAE ALTERNATIVES,3,1
BON APPETIT UBER SEATTLE,3,1
BON VOYAGE VINTAGE,3,1
BOTTEGA GABRIELE,3,1
BOTTEGA GELATO,3,1
BOW,3,1
BRICK MORTAR,3,1
BROKEN BONES HONEY COMBS,3,1
BUDGET BLINDS OF SEATTLE CENTRAL SOUTH,3,1
BUNDT AND CRUST,3,1
BUSH GARDEN,3,1
BUTTER BLOOM,3,1
C C SHOP,3,1
CAFE FONTE COFFEE,3,1
CAFE OASIS,3,1
CAFE PALOMA,3,1
CAFFE MIGLIORE,3,1
CALLUS,3,1
CAN T HOT,3,1
CANTON WONTON HOUSE,3,1
CAPTAINS QUARTERS PINBALL SPC,3,1
CARE PLUS CVS PHARMACY 2926,3,1
CARMINE S 5TH AVE,3,1
CARPET KING,3,1
CAT JAIMISON,3,1
CATERING BY ROSEMARY,3,1
CENTRAL SALOON THE,3,1
CHANCE MARA,3,1
CHENG CHIO SAELEE GARDEN,3,1
CHENGDO MEMORY,3,1
CHENGDU TASTE,3,1
CHERRY STREET COFFEE HOUSE PIONEER SQUARE,3,1
CHERRY STREET GOOD ARTS,3,1
CHEZ DAVE,3,1
CHICO S DOGS,3,1
CHINOOK DIVA,3,1
CHOCOLATI CAFE,3,1
CHOW JIMMY K C,3,1
CHUNG CHUN RICE HOT DOG,3,1
CICADA,3,1
CIEL HAIR DESIGNS,3,1
CINDY BEAUTY SALON,3,1
CIRCLE K 9648,3,1
CITY BURGER,3,1
COCOA BANANA,3,1
COFFEE TREE,3,1
COFFEE TREE BOP,3,1
COFFEE TREE POKE,3,1
COGLON,3,1
COINME,3,1
COLORS ABLOOM,3,1
COMMUNITY GROCERY DELI,3,1
CONE STEINER MERCANTILE,3,1
COOKIES COUNTRY CHICKEN,3,1
CORTINA,3,1
COVARRUBIAS EFREN,3,1
COWGIRLS,3,1
CRANE JEWELERS,3,1
CRAWFISH KING,3,1
CREPE DE FRANCE,3,1
CROWNE PLAZA HOTEL,3,1
CU URBAN MARKET CAFE,3,1
CURVY CACTUS,3,1
CUTZ BY CHARESSE,3,1
CVS PHARMACY 17637,3,1
DAGU RICE NOODLE SEATTLE,3,1
DAINESE,3,1
DAMN THE WEATHER,3,1
DAVIDSON GALLERIES,3,1
DAY MADE,3,1
DE CORE OF SEATTLE,3,1
DE LA ISLA,3,1
DE LAURENTI ITALIAN INTL FOODS,3,1
DEAD LINE,3,1
DEAN STRALEYS BP,3,1
DEATH SEATTLE,3,1
DEEZ DOGZ,3,1
DELEO BROS PIZZA,3,1
DELICATUS AT THE HALL,3,1
DENNIS A GRACIA JR,3,1
DENTAL DEPARTURES,3,1
DESIGNS BY FERDOD,3,1
DESSERT STITCHER,3,1
DEVIN MITCHELL,3,1
DG MART,3,1
DIAMOND BAY RESTAURANT,3,1
DIMSUM KING,3,1
DIMSUM SQUARE,3,1
DOGTOPIA OF HARBOR STEPS,3,1
DOLLZ DAMES,3,1
DON AND JOES,3,1
DONG SING MARKET,3,1
DOODLE,3,1
DOTTIE S LITTLE BAR,3,1
DOWNTOWNDELIMARKET,3,1
DRAHEIM TERRIS R,3,1
DREXEL DELI GROCERY,3,1
DRUNKEN PIZZA,3,1
DZO COFFEE,3,1
E JEA PAK MOR,3,1
EBB COMPANY,3,1
EDWARD BUNKER,3,1
EFESIS RESTAURANT,3,1
EGGLIEN CREATIONS,3,1
EGRAPHS COM,3,1
EL CAMION,3,1
ELEPHANT CASTLE PUB RESTAURANT,3,1
ELLIOTS OYSTER HOUSE,3,1
EMBER,3,1
EMERALD CITY GUITARS,3,1
ERICH JENKINS,3,1
EXPEDITOR INTERNATIONAL OCEAN,3,1
EYES ON JAMES,3,1
FAIRLOOK ANTIQUES,3,1
FALAFEL FRESH,3,1
FALALI HAIR SALON,3,1
FANG,3,1
FAT SHACK,3,1
FENIX TATTOO,3,1
FINE GRINDS,3,1
FIRST AMERICAN TITLE INSURANCE MORTGAGE SOLUT,3,1
FIRST HILL PIZZA,3,1
FLAWLESSLY FUSED,3,1
FLORA HENRI,3,1
FOFA S PUDDING,3,1
FOGGY TEA,3,1
FOGO DE CHAO,3,1
FORT ST GEORGE,3,1
FORTUNA RESTAURANT,3,1
FORTUNE GARDEN RESTAURANT,3,1
FOUR DIAMONDS,3,1
FRANK DARLING,3,1
FRANK TURCO MEMORIAL NEWSSTAND,3,1
FRANKS BARBER BEAUTY SALON,3,1
FREEMAN AUDIO VISUAL,3,1
FREEWAY PARK NEIGHBORHOOD ASSOCIATION,3,1
FRESH FIND MARKET,3,1
FRESHBOX,3,1
FREYA BAKERY CAFE,3,1
FREYA CAFE AND BAKERY DOWNTOWN,3,1
FRIEND MUSEUM,3,1
FRIENDSHOP,3,1
FRYE PARKING GARAGE,3,1
FS SEATTLE BEVERAGE,3,1
FTP,3,1
FUJI SUSHI,3,1
FULL SPECTRUM CERAMICS,3,1
FUSION BISTRO INDIAN CUISINE,3,1
GALERIE BACH,3,1
GALINAS HAIR DESIGN,3,1
GALLERY FRAMES,3,1
GALLERY IMA,3,1
GAMEDAY SPORTS SHOP,3,1
GANGNAM SEATTLE,3,1
GARY MANUEL SALON,3,1
GBROBERTS FUNCTIONAL ART,3,1
GELATIAMO,3,1
GENERAL PORPOISE DOUGHNUTS COFFEE,3,1
GHOST ALLEY ESPRESSO,3,1
GILLEY CONSULTING,3,1
GLASS BREAKERS CLUB,3,1
GLASSY PRODUCTIONS,3,1
GLENS,3,1
GLOBAL TRADING,3,1
GMS BOOKING SERVICES,3,1
GOING TWICE,3,1
GOLD AND SILVER TRADERS TRADING,3,1
GOLD COAST GHAL KITCHEN,3,1
GOLD MEDAL BOOKS,3,1
GOLDEN HONG MARKET,3,1
GRAND PRIX,3,1
GROUPON,3,1
GYRO FIRST,3,1
GYROS PLACE,3,1
H BISTRO,3,1
HALAL GUYS,3,1
HANDCRAFT COLLECTIVE,3,1
HANS DELI GROCERY,3,1
HAPPY LAMB HOT POT SEATTLE,3,1
HARBOR CAFE,3,1
HARBORSIDE MARKET,3,1
HARBORVIEW DIVA,3,1
HARMONY PALACE,3,1
HARU STATION,3,1
HAWAKSTUP,3,1
HENRYS TAIWAN,3,1
HILL TOP DELI,3,1
HILLS BARBERSHOP,3,1
HIMALI,3,1
HIRAS FASHION,3,1
HOLE IN THE WALL BARBECUE,3,1
HOMA ORIENTAL RUGS,3,1
HOMESTYLE DIM SUM,3,1
HONEY COURT SEAFOOD RESTAURANT,3,1
HONEYDEWMOO,3,1
HONG KONG BISTRO,3,1
HONG NING CHINESE HERB GROCERY,3,1
HOT AS PHO,3,1
HOT POT KING,3,1
HOWELL PELLS GALLERY,3,1
ICHIGO ALLEY,3,1
IKA INK,3,1
IL BISTRO,3,1
IL TERRAZZO CARMINE,3,1
IN BLOOM SALON GALLERY,3,1
INCIARDI MACHINES,3,1
INSIDE,3,1
INSTYLE HAIR SALON,3,1
INTERIORS SPACE PLANNING,3,1
INTERMEZZO,3,1
INTERNATIONAL LOBSTER ROLLS,3,1
INTERNATIONAL MODEL TOYS,3,1
INTRACORP CAPITAL,3,1
ITGTTEA,3,1
ITSUMONO,3,1
IVARS 11,3,1
J J GIFT SPORTS WEAR,3,1
J RINEHART GALLERY,3,1
JADE GARDEN RESTAURANT,3,1
JANE F RICHLOVSKY,3,1
JAPONESSA SUSHI COCINA,3,1
JARDIN TEA,3,1
JESSE,3,1
JESSE JOHN R,3,1
JESSE SYKES SPOOKY AMERICAN MUSIC,3,1
JIAN HE HANG,3,1
JIE STUDIO,3,1
JIMMY JOHNS GOURMET SANDWICHES 1088,3,1
JIMMY JOHNS GOURMET SANDWICHES 690,3,1
JIN JIN MATCHA,3,1
JOES BAR GRILL,3,1
JOES GOURMET HOTDOGS,3,1
JONI LEE LATHAM,3,1
JORDAN SAMUEL FRAGRANCES,3,1
JOS FLOWER FARM,3,1
JOSEPHS CUSTOM JEWELRY,3,1
JOSHUA A WHITE,3,1
JOYBENTO,3,1
JT ENCENT,3,1
JUFENG NOODLE HOUSE,3,1
JUMA VENTURES,3,1
JUST FARE,3,1
JUST HORSIN AROUND,3,1
K C KITCHEN,3,1
KAKURENBO RESTAURANT,3,1
KAREN SALON,3,1
KAU KAU,3,1
KELLEY ROSS PHARMACY,3,1
KENAN KALEZ,3,1
KENNEDY SKINCARE,3,1
KIM HAIR SALON,3,1
KING NOODLE,3,1
KING STREET BAR OVEN,3,1
KINGDOME DELI,3,1
KINGS,3,1
KINGS HOOKAH LOUNGE,3,1
KINOKUNIYA BOOK STORE OF AMERICA,3,1
KITCHEN MARKET,3,1
KNOLL,3,1
KOBO AT HIGO,3,1
KONG YICK INVESTMENT,3,1
KORUSBRIDGE,3,1
KT COMMERCE,3,1
KUSHKLUB MUNCHIES AND MORE,3,1
LA VACA BURRITO EXPRESS,3,1
LARON COFFEE,3,1
LASHES WAXING BY ERIN,3,1
LE GREY TEA,3,1
LE MACARON PIONEER SQUARE,3,1
LEFT BANK DISTRIBUTION,3,1
LENOVO UNITED STATES,3,1
LETS BE FRIENDS,3,1
LEVY RESTAURANTS,3,1
LEVY SHOWBOX,3,1
LIANA CAFE HOUSE,3,1
LIBERTY TATTOO SEATTLE,3,1
LITTLE BIRD DINING AND EVENTS,3,1
LIVHAIR,3,1
LOCUS WINES,3,1
LOLOS HAIR DESIGN,3,1
LONG BROTHERS FINE AND RARE BOOKS,3,1
LOS COSTENOS,3,1
LOS ELOTES OAXAQUITOS,3,1
LOUIE S DELI,3,1
LOWLANDER,3,1
LUCKY HORSE CAFE,3,1
LUCKYLEMONSSEATTLE,3,1
LUCS HERB,3,1
LUIGIS ITALIAN EATERY,3,1
LUKES LOBSTER,3,1
LULU MART,3,1
LULULEMON ATHLETICA,3,1
LULY YANG COUTURE,3,1
LYNN HANSON GALLERY,3,1
MADISON MARKET DELI,3,1
MAGIC MOUSE TOYS,3,1
MAGICAL GIRL BELLA,3,1
MAMS BOOKS,3,1
MANCHU EMPIRE,3,1
MANEKI RESTAURANT,3,1
MANGOSTEEN,3,1
MAPSIMUM,3,1
MARCO COMPANY,3,1
MARION CLEANER,3,1
MARK THAI FOOD BOX,3,1
MARKET SPICE,3,1
MASONS FAMOUS LOBSTER ROLLS,3,1
MATSU,3,1
MAXIMILIEN,3,1
MCCOYS FIREHOUSE BAR AND GRILL,3,1
MCLAIN KELLY Y,3,1
MCMENAMINS SIX ARMS PUB BREWERY,3,1
MCN,3,1
ME MOMS HATS,3,1
MEDITERRANEAN MIX,3,1
MEDMIX,3,1
MEET FRESH,3,1
MEICOB,3,1
MEIHUA MASSAGE,3,1
MENS WEARHOUSE 2692,3,1
MEPHISTO NW,3,1
MERCHANT CAFE SALOON,3,1
METHOD GALLERY,3,1
METROPOLITAN CAFE DELI,3,1
MICHAEL BIRAWER GALLERY,3,1
MICHAEL MASLAN HISTORIC PHOTOGRAPHS EPHEMERA,3,1
MICROSTRATEGY,3,1
MIERO,3,1
MIGHTY O DONUTS,3,1
MILK HONEY LIVING,3,1
MILLHEADS HAIR CUTTING COMPANY,3,1
MIRABELLE BY ORPHEE,3,1
MOD PIZZA,3,1
MOMOSAN RAMEN AND SAKE,3,1
MONKS AFTER WORK,3,1
MORRISON MANAGEMENT SPECIALISTS,3,1
MORRISON MANAGEMENT SPECIALISTS 44148,3,1
MT BAKER MERCANTILE,3,1
MT RAINIER HARLEY DAVIDSON,3,1
MUSE LOUNGE,3,1
MUSUBI KAI,3,1
NAILLIST,3,1
NATURES CORNER,3,1
NATURES TWIST,3,1
NDUJA USA,3,1
NEED MORE WALLS,3,1
NEW AN DONG,3,1
NEW CENTURY TEA GALLERY,3,1
NEW GAN SHAN COMPANY,3,1
NEW KINGS BARBECUE HOUSE,3,1
NEWBERRY BOOKS,3,1
NEXORA 3D TECH,3,1
NINE LIVES VINTAGE,3,1
NIRMALS,3,1
NOI DELICATE THAI TASTE,3,1
NOM HOUSE,3,1
NORTHWEST RESOURCE ASSOC,3,1
NORTHWEST TAILOR FABRIC CARE,3,1
NOTORIOUS MARKETING,3,1
NUMERO UNO PIZZA,3,1
OCCIDENTAL HALL,3,1
OCEAN STAR RESTAURANT,3,1
OHSUN BANCHAN DELI CAFE,3,1
OKINAWA TERIYAKI,3,1
OLD WORLD PROPERTIES,3,1
OLFACTORY HOUSE,3,1
ON THE GO WITH COLES,3,1
ONESPACE SOLUTIONS,3,1
ONTHEFIELD COM,3,1
OPEN BOOKS A POEM EMPORIUM,3,1
ORACLE AMERICA,3,1
OUR GLASS RIBBONS UNLTD,3,1
PACIFIC CAFE,3,1
PACIFIC KITCHEN LIFE,3,1
PACIFIC PROVISIONS CAFE AND WINE BAR,3,1
PALACE DECORS GIFTS,3,1
PANE PANE SANDWICHES,3,1
PANGAAA,3,1
PARIS MIKI,3,1
PARLOUR PIONEER SQUARE,3,1
PASS D JOLLOF,3,1
PASTA CASALINGA,3,1
PAULAS CHOICE,3,1
PEARLLOTTERY,3,1
PETER LOPEZ SALON,3,1
PHIN,3,1
PHNOM PENH NOODLE HOUSE,3,1
PHO HOA RESTAURANT,3,1
PHO SAIGON RESTAURANT,3,1
PIEHOLE MARKETING,3,1
PIKE PLACE TENZING MOMO,3,1
PIKE PUB,3,1
PING S FOOD MART,3,1
PIONEER BARBER COMPANY,3,1
PIONEER GRILL,3,1
PIONEER SMOKE SHOP,3,1
PIONEER SQUARE SALOON,3,1
PIRATES PLUNDER,3,1
PIROSHKY COLUMBIA SQUARE,3,1
PLACE PIGALLE,3,1
PLANTIFUL,3,1
PLAZA GROUP,3,1
PLYMOUTH CONGREGATIONAL CHURCH,3,1
POKERRITO YA,3,1
PORCELANOSA USA,3,1
PORTLAND LEATHER GOODS,3,1
POST ALLEY PIZZA,3,1
PREMIER MEAT PIES,3,1
PRIMO CLEANER TAILOR SHOE REPAIR,3,1
PRINCE AND FOX,3,1
PURPLE CAFE WINE BAR,3,1
PURPLE DOT CAFE,3,1
PYLON MARKET,3,1
QUEEN NZINGA,3,1
R J PLAZA SELECT FOODS,3,1
RACHEL POWELL DESIGN,3,1
RADMOR,3,1
RAINY DAY PANCAKE,3,1
RED STRING STUDIO,3,1
RENEE BASSETTI,3,1
RESIDENTS COUNCIL OF HORIZON HOUSE,3,1
REVOLUTION BOOKS,3,1
RICHARD DREWS,3,1
RINGO CURRY,3,1
RIZZTHREADS,3,1
ROJOS,3,1
ROSETTA STONE,3,1
ROYAL HOUNDS,3,1
ROYCE CHOCOLATE,3,1
RUMBA,3,1
RUTH HILL,3,1
SAFFRON SPICE,3,1
SAIGON BISTRO AT UWAJIMAYA,3,1
SAIGON DRIP CAFE,3,1
SAIGON RESTAURANT,3,1
SAIGON STREETS,3,1
SAKE NOMI,3,1
SAL FLORAL DESIGN SEATTLE,3,1
SALMON COOKER,3,1
SALUMI DELI,3,1
SAMANTHA BECRAFT,3,1
SAMICHHHSHOP,3,1
SAMIRS,3,1
SAVEWAY MARKET,3,1
SAYRSTUFFLLC,3,1
SEA CRAB HOUSE,3,1
SEAMLESS IN SEATTLE,3,1
SEAMOSS BOSS,3,1
SEANS PLACE,3,1
SEATTLE ANTIQUE MARKET,3,1
SEATTLE BEER COMPANY,3,1
SEATTLE BEST TEA,3,1
SEATTLE CHESTNUTS,3,1
SEATTLE FLOWERS INVESTMENTS,3,1
SEATTLE GOSPEL CENTER BOOKSTORE,3,1
SEATTLE INFANT DEV CTR,3,1
SEATTLE MART,3,1
SEATTLE PRINTERS GUILD,3,1
SEATTLE SNEAKER CITY,3,1
SEATTLE TATTOO EMPORIUM,3,1
SEATTLE TTEOKBOKKI,3,1
SEATTLE WATERFRONT MARKETPLACE,3,1
SEATTLES HISTORIC TRIANGLE PUB,3,1
SEE EYEWEAR,3,1
SELINAS HAIR,3,1
SENECA MARKET,3,1
SENOR CARBON,3,1
SENSA,3,1
SEVA,3,1
SEW GENEROUSLY BESPOKE,3,1
SHAH KITCHEN,3,1
SHANE SHELLYS SLUGGERS,3,1
SHARETEA SEATTLE CHINATOWN INTERNATIONAL,3,1
SHAWN O DONNELLS AMERICAN GRILL IRISH PUB,3,1
SHERATON SEATTLE HOTEL,3,1
SHIBSHIB,3,1
SHOE EXPRESS,3,1
SHOP AMUSED,3,1
SIDS TAVERN,3,1
SIMONE DAVID BARBERSHOP,3,1
SKALKA,3,1
SKILLET DINER HARBOR STEPS,3,1
SLIMP CHRISTINA H,3,1
SLIPSTITCH STUDIO,3,1
SMOKE PLUS,3,1
SOLAS GALLERY,3,1
SPACES AVAILABLE,3,1
SPIC SPAN MORE CLEANING,3,1
SPICE KING,3,1
SPIRIT SPA,3,1
SPRING SPA,3,1
ST JAMES CATHEDRAL BOOKSTORE ESPRESSO,3,1
STARBUCKS COFFEE 114,3,1
STARBUCKS COFFEE 14870,3,1
STARBUCKS COFFEE 15719,3,1
STARBUCKS COFFEE 2937,3,1
STILL,3,1
STOCKBOX,3,1
STOLTZ JAEGER T,3,1
STONESIDE DBA STONESIDE BLINDS SHADES,3,1
STUDIO SOLSTONE,3,1
SUBWAY 29342,3,1
SUN MAY,3,1
SUPERKIM CRAB HOUSE,3,1
SURPLUS LINE ASSN OF WA,3,1
SUSAN MARIE BELL,3,1
SUSHI KANPAI,3,1
SUSHI KUDASAI I,3,1
SUSHI KUDASAI II,3,1
SUSHIAYCE,3,1
SUSU ROLLED ICE CREAM,3,1
SUYA PALACE RESTAURANT,3,1
SWEET DESTINY BAKERY,3,1
SWEET NATIVE EXPRESSIONS,3,1
SZECHUAN FISH,3,1
SZECHUAN NOODLE BOWL,3,1
TABLETOP VILLAGE,3,1
TAI TUNG RESTAURANT,3,1
TAMRA,3,1
TANHUO YANJI BBQ,3,1
TASTY K BITES,3,1
TASWIRA,3,1
TATS DELICATESSEN,3,1
TATTOO TATTOO,3,1
TAYLOR SHELLFISH OYSTER BAR,3,1
TEASSERT,3,1
TEDDIE HOUSE ART,3,1
TEN SECONDS YUNNAN RICE NOODLE,3,1
TEN TOWNSEND,3,1
TENDON KOHAKU,3,1
TERRA PLATA,3,1
TERRIS DRAHEIM,3,1
THAI PLACE,3,1
THC COLLECTIVE,3,1
THE ALIBI ROOM,3,1
THE ALLEY,3,1
THE ART STALL GALLERY,3,1
THE BEAUTY BAR SEATTLE,3,1
THE BERLINER DONER KEBAB,3,1
THE CAPITAL GRILLE 8030,3,1
THE CLOG FACTORY,3,1
THE CORNER STORE,3,1
THE CROW PIGEON,3,1
THE DANDY OF KING STREET CROSSING,3,1
THE DILLER ROOM,3,1
THE FINERIE,3,1
THE FISHERMANS RESTAURANT,3,1
THE FRANKFURTER,3,1
THE HIDEOUT,3,1
THE HISTORIC TRIANGLE PUB,3,1
THE MEYER,3,1
THE ORIGINAL DELI,3,1
THE OUTPOST STATIONERY,3,1
THE SANDWICH SAGA,3,1
THE SPANISH TABLE DBA PARIS MADRID GROCERY,3,1
THE TOP RESTAURANT AND LOUNGE,3,1
THE TRIPLE DOOR,3,1
THE VUTIQUE,3,1
TIBETAN NUNS PROJECT,3,1
TIDELAND ARTS,3,1
TIGI S FRAGRANCE CORNER,3,1
TIN PIG,3,1
TINY DWELLER,3,1
TON KIANG BBQ NOODLE HOUSE,3,1
TRACY NGUYEN BROWS BEAUTY,3,1
TRANSPACIFIC,3,1
TRASH BIN TREASURES,3,1
TREASON GALLERY,3,1
TRICHOME,3,1
TRINITY NIGHTCLUB,3,1
TSUKUSHINBO RESTAURANT,3,1
TURABI FINE ORIENTAL RUGS,3,1
TURGEON RAINE JEWELLERS,3,1
TWB SOUTH SEATTLE,3,1
TYRONE RAWLS,3,1
UGLY BABY,3,1
UMAI SUSHI TERIYAKI,3,1
UMMADAK,3,1
UNDERBELLY,3,1
UNDERGROUND TOURS,3,1
UNION STATION MARKET,3,1
UWAJIMAYA,3,1
V MASSAGE,3,1
VAIN,3,1
VANG NENG,3,1
VEGGIE GRILL,3,1
VIBE TACO,3,1
VIDEOHOP,3,1
VINOS PINGUINOS,3,1
VINTAGE MOORE,3,1
VITAL T LEAF,3,1
VIVIENNES BISTRO,3,1
VONS 1000 SPIRITS,3,1
VOVITO ESPRESSO GELATO PIZZA,3,1
VOX KARAOKE,3,1
VOXX COFFEE,3,1
W T HOYT COMPANY,3,1
WAI CHING,3,1
WALGREENS 06194,3,1
WALNUT ART,3,1
WATERFRONT MARKET DELI,3,1
WATERMARK BINDERY,3,1
WATSON KENNEDY FINE HOME,3,1
WAYNEYSLC,3,1
WESSEL LIEBERMAN BOOKSELLERS,3,1
WEST COAST DIAMOND GEM,3,1
WESTVIEW NAILS AND HAIR SALON,3,1
WILD GINGER,3,1
WINDHORSE,3,1
WING DOME,3,1
WING DOME PIER 56,3,1
WISHBONE MENAGERIE,3,1
WOLFGANG PUCK CATERING AND EVENTS,3,1
WOODROW JEWELERS,3,1
WOODSIDE BRASETH GALLERY,3,1
WORLD PIZZA,3,1
XING WANG INVESTMENT,3,1
YARD HOUSE 8343,3,1
YARN DRAGON,3,1
YE OLDE CURIOSITY SHOP,3,1
YMA ESTHETICS,3,1
YOMIES RICE YOGURT,3,1
YONG FENG SHANG DIAN,3,1
YOSHINO TERIYAKI,3,1
YOUR HEALTH BODY,3,1
YUE BAKING CLUB,3,1
YUKA GRENFELL,3,1
ZAIKA RESTAURANT AND LOUNGE,3,1
ZEITGEIST COFFEE,3,1
ZIBA,3,1
0017 THOMAS MANAGEMENT,2,1
2120 SEATTLE,2,1
3RD AVENUE CAFE,2,1
5TH AVE BARBER STYLE,2,1
7 ELEVEN 41883A,2,1
7 ELEVEN B,2,1
845145472,2,1
8TH OLIVE MR WEST,2,1
A A ALL SHOP,2,1
A DJ A COOK,2,1
ACALIA,2,1
AERLUME,2,1
AESOP,2,1
AESTHETICS AND ELECTROLOGY,2,1
AFGHAN CRAFT,2,1
AFRICAN BEAUTY FASHION,2,1
AGY NORTHWEST GROUP,2,1
AIIDEN,2,1
AIMAC,2,1
ALADDIN HOOKAH LOUNGE,2,1
ALDERA ESTHETICS,2,1
ALEXANDER SCOTT HAIR,2,1
ALEXANDRA S DESIGNER CONSIGNMENT,2,1
ALFONSOSALON COM,2,1
ALHAMBRA,2,1
ALIA GRILLOS,2,1
ALLEY MIC STUDIO,2,1
ALLSAINTS SPITALFIELDS,2,1
AMBER,2,1
AMERICAN MARINE INGREDIENTS,2,1
AMERICAN MARY BELLTOWN,2,1
AMOT PUTI ON CRAFTS,2,1
ANDREWS,2,1
ANDRIEL ROLANDO,2,1
ANIMAL GIFTS COLLECTIBLE,2,1
ANIMYNATION,2,1
ANTHROPOLOGIE,2,1
ARACA MERCHANDISE,2,1
ARAMARK WA STATE CONVENTION CENTER,2,1
ARCTERYX,2,1
ARMELDILLO ART,2,1
ART OF ILLUSTRATION,2,1
ASSAGGIO RISTORANTE,2,1
ASTER GEBRE,2,1
ATHENIAN INN,2,1
B L M F A LITERARY SALOON,2,1
BA HAIR,2,1
BABY COMPANY ACQUISITION,2,1
BACCO CAFE,2,1
BAIANA,2,1
BAMPSI SUPPLY,2,1
BANDANAS ARTS OF INTEREST,2,1
BAO HOME,2,1
BAR DEL CORSO,2,1
BARNES AND NOBLE BOOKSELLERS,2,1
BAROLO,2,1
BASIC STOCK KITCHENWARE,2,1
BATHTUB GIN COMPANY,2,1
BEAUCIEL AESTHETIC,2,1
BEECHERS HANDMADE CHEESE,2,1
BELL TOWN TOBACCO,2,1
BELLA,2,1
BELLTOWN BARBER,2,1
BELLTOWN BODEGA,2,1
BELLTOWN GROCERY,2,1
BEN BRIDGE JEWELER,2,1
BENAVIS,2,1
BENDO MERCHANDISE,2,1
BENTO WORLD,2,1
BEST BEVERAGE CATERING,2,1
BETTER MASSAGE,2,1
BEURRE ET LA FILLE,2,1
BEYOND,2,1
BG INTERNATIONAL SERVICE,2,1
BILLY VANCOURT,2,1
BIRD BERRY NURSERY,2,1
BIRRIERIA JALISCO,2,1
BISCUIT BITCH,2,1
BLACK CAT BAR,2,1
BLAZING BAGELS,2,1
BLU DOT DESIGN AND MANUFACTURING,2,1
BLUE SCHOLARS,2,1
BMW SEATTLE,2,1
BOBBIE MEDLIN,2,1
BOMBO,2,1
BONGA PARTNERS,2,1
BOOK OF THE DRAW,2,1
BOSTON STREET BABY,2,1
BOWIE SALON,2,1
BPC SLU 2 0,2,1
BRENNA FLOOD ART,2,1
BROWS BY JEN,2,1
BROWZ,2,1
BUDDHA BRUDDAH,2,1
BY CHELSEA,2,1
C C FOOD STORE,2,1
C SWANBERG,2,1
CABANILLAS BUENDIA VICTOR,2,1
CAFE CALAVERAS,2,1
CAFE MADELINE BY COURTHOUSE,2,1
CAFE OPLA,2,1
CAFE REMIX,2,1
CAFE STELLINA,2,1
CAFFE SENSO UNICO,2,1
CALIBURGER WESTLAKE,2,1
CALLEJON,2,1
CANDY STORE,2,1
CANDY TYME,2,1
CANTINA DEL SOL,2,1
CAPSULE PHARMACY,2,1
CAROLINE PATRICK,2,1
CARTER LIEBMAN,2,1
CASCADE FADES 206,2,1
CASCADIA CRYPTIDS,2,1
CASESISTERS,2,1
CEDAR SPOKES COFFEE,2,1
CEDARWOOD PROPERTIES,2,1
CENTERSTAGE DANCE SHOP,2,1
CESAR CARO,2,1
CHAI SUTRA,2,1
CHAN SEATTLE,2,1
CHARBON SALON,2,1
CHARLES SAUL DESIGNER,2,1
CHARLY BEAUTY STUDIO,2,1
CHATTERBOX,2,1
CHEESE ROOM SEATTLE,2,1
CHERRY STREET COFFEE HOUSE ON OLIVE WAY,2,1
CHICKEN VALLEY,2,1
CHIKKU CHIKKU,2,1
CHOCOLATE ICE CREAM DELIGHT,2,1
CHOCOLATE MARKET,2,1
CHOICES PRODUCE,2,1
CHOPCHOP SEATTLE,2,1
CHRISTOPHER FLOWERS,2,1
CINQUE TERRE,2,1
CIRCA LIGHTING,2,1
CITY FISH SEATTLE,2,1
CITYDOG CLUB,2,1
CLAIRES,2,1
CLASP CHARM,2,1
CLASSIC AND CLASSY DOG SPA,2,1
CLEOPATRA INK TATTOO PIERCING SEATTLE,2,1
CLOUDNINE CONVENIENCE,2,1
CLUBINJECT,2,1
CM CHICKEN SEATTLE,2,1
COBBS,2,1
COCO BROWN CREATIONS,2,1
COFFEE TAB,2,1
CONSCIOUS WEAR,2,1
CONSTANCE DORGAN,2,1
COPACABANA CAFE,2,1
CORA SWEET TREATS,2,1
COUPANG,2,1
CROWBAIT,2,1
CRYSTALLOGRAPHY GEMS,2,1
CUT CLUB,2,1
CUTE THINGS SEATTLE,2,1
CUTTERS CRABHOUSE,2,1
CVS PHARMACY 11648,2,1
D G RILEY,2,1
D S HAIR BEAUTY SUPPLY,2,1
DAAWAT GRILL BAR,2,1
DAHLIA LOUNGE,2,1
DAI TRUONG,2,1
DAILY RITUAL MARKET,2,1
DAN MCLEAN,2,1
DANA S BEAUTY SALON,2,1
DANIELS BROILER DOWNTOWN SEATTLE,2,1
DARKTRACE,2,1
DASHI,2,1
DELI SHEZ CAFE,2,1
DERMASPACE,2,1
DI FIORA,2,1
DIMITRIOUS JAZZ ALLEY,2,1
DIN TAI FUNG,2,1
DIZOLVE MEAD,2,1
DOCKSIDE CANNABIS,2,1
DOGFISH,2,1
DONG HING MARKET,2,1
DONNAS,2,1
DOOST PETS,2,1
DOPPLER MARKET PL L2,2,1
DOUBLE DORJEE,2,1
DOWNTOWN ROMIOS PIZZA PASTA,2,1
DOWNTOWN SPIRITS,2,1
DRUGSTORE COWBOYS,2,1
DRYTILE NORTH AMERICA,2,1
DUAL WIELD STUDIO,2,1
DZUL INK,2,1
EAR REVERENCE,2,1
EARTH WIND AND FIRE,2,1
EAT WITH BREAD,2,1
EBBETS FIELD FLANNELS,2,1
ECLIPSE SUNGLASSES,2,1
ECODESIGNS,2,1
EGG SLUT,2,1
EILEEN FISHER,2,1
EL BORRACHO,2,1
EL CORAZON,2,1
EL MERCADO LATINO,2,1
EL QUETZAL,2,1
ELEGANTE ELECTROLYSIS,2,1
ELIZABETH DESIGNS,2,1
ELLE FLORENCE APPAREL,2,1
ELZS,2,1
EMERALD CITY PAWS,2,1
EMILY E CURRAN,2,1
EMMETT WATSON S OYSTER BAR,2,1
EMPANADAS EL PACHI,2,1
ERGOFLEX SYSTEMS,2,1
ERNIE SEPPA,2,1
ESPRESSO CAFFE DIOR,2,1
ETHIOBLUE,2,1
EUPHORIC HAIR DESIGN AND GROOMING STUDIO,2,1
EUROPEAN CONGLOMERATE GROUP,2,1
EVA S CAFE AND BAR,2,1
EVENT NETWORK 5118,2,1
EXCLUSIVE BOUTIQUE,2,1
F J GREAT WESTERN TRADING,2,1
FACTORY 43,2,1
FALENA,2,1
FAMILYFRIEND,2,1
FANCY PLANTS SEATTLE,2,1
FARVAHAR PERSIAN CAFE,2,1
FEDERAL ARMY NAVY SURPLUS,2,1
FIND IT FORWARD,2,1
FIORAVANTI,2,1
FIREWORKS GALLERIES,2,1
FIRST AND BELL,2,1
FIRST AVENUE LEASING,2,1
FISHPOND COM,2,1
FJALLRAVEN,2,1
FLIGHT TAP TABLE SEATTLE,2,1
FOG AND FLAIR DESIGNS,2,1
FORGOTTEN REALMS DESIGNS,2,1
FORMLINE COFFEE,2,1
FOSSIL STONE,2,1
FRANKS PRODUCE,2,1
FRANTIC ART,2,1
FREEDOM ARMS,2,1
FREEDOM BAR,2,1
FRESH OFF BOAT POKE BAR,2,1
FRESH ROOTS SEATTLE,2,1
FRESH SEATTLE,2,1
FROM THE BLOCK,2,1
GALLERY ONYX,2,1
GB OPEN SPACE,2,1
GBC ENERGY,2,1
GHOST GALLERY,2,1
GHOST S VAULT,2,1
GLACIER WINDOW DOOR,2,1
GLAMHER BEAUTY BAR,2,1
GLASSWING,2,1
GODS IMAGE,2,1
GOHAN,2,1
GOLDEN AGE COLLECTABLES,2,1
GOOD SHAPE PIZZA,2,1
GORILLA SCREENPRINTING,2,1
GOURMONDO CATERING,2,1
GRAHAM BABA INTERIORS,2,1
GREAN,2,1
GREAT PACIFIC PATAGONIA,2,1
GREAT STATE BURGER NOROESTE,2,1
GREGARIAN ENTERPRISES,2,1
GROUNDED,2,1
GRUMPY BEAN,2,1
GSBA,2,1
GT BARBERSHOP,2,1
GTL SYSTEMS,2,1
GYRO SAJ,2,1
H A GEMS AND MINERLALLS,2,1
H MART,2,1
HAHA,2,1
HAIDILAO HOT POT,2,1
HAIR BY CHUY,2,1
HALL MADDEN,2,1
HANDS OF THE WORLD,2,1
HAPPY DAYS AND FUNNY NIGHTS,2,1
HAPPY KETTLE CORN,2,1
HARMONIA CONCEPTS,2,1
HARRYS MELROSE MARKET,2,1
HASHTAG WAFFLES,2,1
HATBACK BAR GRILL,2,1
HAVE A HEART,2,1
HAZEL KNITS,2,1
HEAVENLY THREADS,2,1
HELENES JEWELS,2,1
HELLENIKA,2,1
HERMAN MILLER,2,1
HERO HARDWARE,2,1
HEY JUDE GOODS,2,1
HIGH MAINTENANCE SKINCARE STUDIO,2,1
HOLIDAY MARKET AT WESTLAKE PARK,2,1
HOLISTIC COALITION,2,1
HOLY COW RECORDS,2,1
HONEST BISCUITS,2,1
HOOVERVILLE BAR,2,1
HOUSE OF JADE,2,1
HOYLE HAT,2,1
HUFF MAUREEN L,2,1
HUNT MARKETING GROUP,2,1
HYDRATE JUICE BAR,2,1
HYOITSU,2,1
IC FULFILLMENT SERVICES,2,1
IMMURIO,2,1
IMPERIAL FOOT MASSAGE,2,1
INDIGOGH,2,1
INDOCHINO,2,1
INFORM INTERIORS,2,1
INKDMII,2,1
INN AT THE MARKET,2,1
INTERNATIONAL CIGAR TOBACCO,2,1
INTERNATIONAL NEWS,2,1
INTERNATIONAL SIGN,2,1
ISADORAS,2,1
ISLAND DELIGHTS,2,1
JACK EZRA CATCO,2,1
JACK STRAW,2,1
JACKSON PRODUCTIONS,2,1
JADE DECOR,2,1
JAPANESE GOURMET,2,1
JASMINE THAI RESTAURANT,2,1
JAY DAY,2,1
JAY WILSON,2,1
JAZMIN COLLECTIVE,2,1
JIMMY JOHNS GOURMET SANDWICHES 1349,2,1
JOHN FLUEVOG SHOES,2,1
JOHN WILEY PHOTOGRAPHY,2,1
JOHNNY ROCKETS,2,1
JOI BEAUTY STUDIO,2,1
JOYALE SEAFOOD RESTAURANT,2,1
JRNL OF JAPAN STUDIES,2,1
JUICY CAFE,2,1
JUMBO CATERING,2,1
JUNIORS,2,1
JUNKO YAMAMOTO STUDIO,2,1
JUSTINA,2,1
KAILASH,2,1
KANAK INDIAN CUISINE,2,1
KAS,2,1
KASALA OFFICE,2,1
KASTOORI GRILL,2,1
KAYA,2,1
KELLS IRISH RESTAURANT BAR,2,1
KENTUCKY FRIED CHICKEN TACO BELL,2,1
KETTLE KINGDOM,2,1
KEY LEAVES,2,1
KEYS ON MAIN SEATTLE,2,1
KHAMTANH PRODUCE,2,1
KILIG SEATTLE,2,1
KIND AND PLENTY,2,1
KODANGS USA,2,1
KOSHARI,2,1
KRISPY KREME 8990,2,1
KUBROM,2,1
KUCUMBER SKIN LOUNGE,2,1
KUHL,2,1
KUKAI RAMEN IZAKAYA,2,1
KYLE HAIR,2,1
LA BUONA TAVOLA,2,1
LA CANTINA LENA,2,1
LA COCINA OAXAQUERIA,2,1
LA FONTANA SICILIANA,2,1
LA JOSIES TEQUILA BAR,2,1
LA RU,2,1
LABELMASTER SOFTWARE,2,1
LAMPLIGHT BOOKS,2,1
LATE NIGHT VINTAGE MALL,2,1
LAUREN HOLLOWAY,2,1
LE CAN CAN,2,1
LE CAVISTE,2,1
LE MUSETTE CAFE,2,1
LE PICHET,2,1
LEBECKER HAIRSTYLIST,2,1
LEFT BANK BOOKS,2,1
LEGAL VOICE,2,1
LEILA KLEIN,2,1
LEOLO,2,1
LETEKIDAN KIFLU,2,1
LEVANT CAFE 2,2,1
LIGHT BEING JEWELS,2,1
LIL WOODYS,2,1
LIL WOODYS CATERING,2,1
LISTEN HEAR EVENTS,2,1
LITTLE KNITS,2,1
LITTLE MARIAS,2,1
LITTLE THING WINE,2,1
LOAFLY,2,1
LOCAL 360,2,1
LOCALLY LED TRANSNATIONAL,2,1
LOLA,2,1
LONELY SIREN,2,1
LOS AGAVES DINING SERVICES,2,1
LOUIS VUITTON,2,1
LOWELLS RESTAURANT,2,1
LUA,2,1
LUDIS RESTAURANT LOUNGE,2,1
LULA COFFEE,2,1
LUNAGLOW,2,1
LUNCHBOX WAX,2,1
LUNGU GIFTS ANTIQUES,2,1
MA MO DESIGN,2,1
MABEL BREMPONG,2,1
MACYS WATCH JEWELRY REPAIR DEPT,2,1
MADE IN WASHINGTON,2,1
MADISON CUTS,2,1
MAGGIES SHOES,2,1
MAGGIES SHOES 1,2,1
MAGHREB MARKETPLACE,2,1
MAGPIE MOUSE STUDIOS,2,1
MAJOR LEAGUE 360,2,1
MAKINA INTERNATIONAL,2,1
MAMA CHAVEZS TAMALES MORE,2,1
MAMNOON,2,1
MAMNOON STREET,2,1
MANZO BROS FRUIT PROD,2,1
MARAKESH HANDCRAFT,2,1
MARCHE CAFE CAMPAGNE,2,1
MARIES JEWLERY BUSINESS,2,1
MARIGOLD NAILS SALON,2,1
MARINATION,2,1
MARINE LAYER,2,1
MARION FINLEY GUILD,2,1
MARIOS,2,1
MARIPILI AT THE FRIEDA,2,1
MARKET ART,2,1
MARKET COINS,2,1
MARKET DINER,2,1
MARKET FRESH V,2,1
MARKET GRILL,2,1
MARKET GROCERY DELI,2,1
MARKET HOUSE MEATS,2,1
MARKET MAGIC SHOP,2,1
MARKET STREET BAGS,2,1
MARKET TOBACCO PATCH GAMES,2,1
MARLITA BROWS,2,1
MARV S FAMOUS HOT DOGS,2,1
MATTS IN THE MARKET,2,1
MCDONALDS,2,1
MCDONALDS 00435,2,1
MEET KOREAN BBQ,2,1
MERCEDES BENZ OF SEATTLE,2,1
MERMADE,2,1
METAMORPHOSIS LEATHERS,2,1
METRO TAILORING ALTERATIONS,2,1
METROPOLITAN APPLIANCE,2,1
METROPOLITAN DELI CAFE,2,1
MH BAKERY,2,1
MICHAEL KNIGHT SALON,2,1
MICHOU,2,1
MICHOU DELI,2,1
MICKS PEPPOURRI,2,1
MIDNIGHT BAGELS,2,1
MIDNIGHT COOKIE COMPANY,2,1
MIDORI PILATES BODYWORK,2,1
MIDORI TERIYAKI,2,1
MIDTOWN ESPRESSO,2,1
MISS CAFE,2,1
MK BARBER,2,1
MN LEASING,2,1
MOON VALLEY DESIGNS,2,1
MOORE COFFEE,2,1
MOSES SOLOMON,2,1
MOUNT BAKER CLEANERS,2,1
MOUNTAIN ROSE HERBS MERCANTILE,2,1
MOYA ENTERPRISES,2,1
MPL INNOVATIONS,2,1
MR DS GREEK DELI,2,1
MR WELL TRAVELLED,2,1
MUCCI ROSE,2,1
MUNCHIE MART GENERAL STORE,2,1
MY CORNER,2,1
MYANO NAILS,2,1
NAIL NOVA,2,1
NAILED IN SEATTLE,2,1
NAILS BY LO,2,1
NATIONAL FURNITURE RENTAL SALES,2,1
NETRA EYEBROW THREADING WAXING SALON,2,1
NEWTONIA PUBLISHING,2,1
NGUYENS PHARMACY GIFTS,2,1
NORDSTROM,2,1
NORDSTROM DIRECT,2,1
NORDSTROM INTERNATIONAL,2,1
NOREN SUSHI KITCHEN BAR,2,1
NORTHWEST AUTOSHIELD,2,1
NORTHWEST FRAMING,2,1
NURA RENUA,2,1
NUTANIX,2,1
NYC 7TH AVENUE DELI MARKET,2,1
OAK,2,1
OBSERV,2,1
OH YEAH BANH MI SODO,2,1
OHANA,2,1
OLD HABITS BARBERSHOP,2,1
OLIVE EMBER BEAUTY,2,1
ONEOFEACH,2,1
OPEN AIR SCENT,2,1
OPEN FORM,2,1
OPTIMER INTERNATIONAL,2,1
ORACLE OF ISREAL NON PHOPHET ASSOCIATION,2,1
ORANGE DRACULA,2,1
ORCAS PALEY,2,1
ORIENTAL MART,2,1
OUTDOOR EMPORIUM,2,1
OWENS MEATS WAGON,2,1
PAIGE ALARIE,2,1
PALACE KITCHEN,2,1
PANARCHY PIZZA,2,1
PANDORA,2,1
PAPPARDELLE S PASTA OF PIKE PLACE MARKET,2,1
PATRICK SHAWN L,2,1
PAWLOOPS,2,1
PAYNETA STUDIO,2,1
PEN INK DRAWINGS BY PATRICK T KERR,2,1
PENDLETON WOOLEN MILLS,2,1
PERENNIAL TEA ROOM,2,1
PERFECTION NAILS SPA,2,1
PETRA BISTRO PETRA MEDITERRANEAN BISTRO,2,1
PHO 25,2,1
PHO 4U RESTAURANT,2,1
PHO BAC,2,1
PHO BASIL,2,1
PICADERA PNW,2,1
PIE BAR,2,1
PIEDMONT CAFE,2,1
PIKE GROCERY,2,1
PIKE PL MARKET CREAMERY,2,1
PIKE PLACE BAR GRILL,2,1
PIKE PLACE CHINESE CUISINE,2,1
PIKE PLACE FISH MARKET,2,1
PIKE PLACE FLOWERS,2,1
PIKE PLACE GIFT,2,1
PIKE PLACE NATURAL FOOD,2,1
PIKE STREET COFFEE,2,1
PIKE WESTERN,2,1
PINK DOOR THE,2,1
PINK TANUKI NAILS,2,1
PIRANHA SHOP,2,1
PIZZA PASTA BAR,2,1
PLANTBABY,2,1
PLAY IT AGAIN SPORTS,2,1
POKE ALICE 2,2,1
POLISH POTTERY PLACE,2,1
POONEH KITCHEN,2,1
POP THE SALON,2,1
PRO IMAGE SPORTS 714,2,1
PROTO101,2,1
PUFFTOWN BAKEHOUSE,2,1
PUMA,2,1
PUMAROSA,2,1
PUP 2 PUP,2,1
PURE FOOD FISH MARKET,2,1
PURPLE STORE,2,1
PYRAMID IMPORTS,2,1
QIAO LIN HOTPOT,2,1
QUALITY CHOCOLATE,2,1
QUALITY FOOD CENTERS QFC 849,2,1
QUEEN CITY,2,1
R B TEA DOWNTOWN SEATTLE,2,1
R BURNETT,2,1
RACING MIAMI,2,1
RACK ATTACK,2,1
RADIATOR WHISKEY,2,1
RADOVA LIFESTYLE,2,1
RAIN SHADOW MEATS,2,1
RAPHA RACING,2,1
RAZZIS PIZZERIA,2,1
RBA FURNITURE SOLUTIONS,2,1
RE PC,2,1
REA EARTH,2,1
RESILIENCE BARBER,2,1
RESTAURANT HOMER,2,1
RGB MARKET,2,1
RIMWALKER PACIFIC,2,1
RINGS AND THINGS,2,1
ROBERT LEONARD SALON DAY SPA,2,1
ROBYN S PADLAN HAIR SALON,2,1
ROJO JUICE,2,1
ROSA SANDERS UWADIALE,2,1
ROSE AND ROPE,2,1
ROSETTE JEWELS,2,1
ROSI QUESADILLAS,2,1
ROTARY GROCERY,2,1
ROYAL PHOENIX,2,1
RUBINSTEIN BAGELS VIA6,2,1
RUBYS,2,1
RUBYS SEATTLE GIFT GALLERY,2,1
RUMMAGE AROUND,2,1
RUTHS CHRIS STEAK HOUSE,2,1
SAISEI APPAREL,2,1
SALENA MEXICANA,2,1
SALON 206,2,1
SALON CIRCA,2,1
SALON MOTO,2,1
SALUA LINGERIE,2,1
SANKAKU ONIGIRI CAFE BAR,2,1
SARAJEVO,2,1
SARAJEVO NIGHT CLUB,2,1
SAYR BY SARA MARCH,2,1
SAYWEEE COM,2,1
SCIENCE QUALITY BY TINY MIRACLES BEAUTY,2,1
SCULPT PILATES NORTHWEST,2,1
SEAS PEAS,2,1
SEATOWN SEABAR ROTISSERIE,2,1
SEATTLE AQUARIUM GIFT STORE,2,1
SEATTLE BENTO POPS,2,1
SEATTLE CHILDRENS GUILD ASSOCIATION,2,1
SEATTLE COFFEE COLLECTIVE,2,1
SEATTLE COFFEE WORKS PINE,2,1
SEATTLE COMPUTER MUSEUM,2,1
SEATTLE CUTLERY,2,1
SEATTLE RISE COLLECTIVE,2,1
SEATTLE SAUSAGE URBAN GRILL,2,1
SEATTLE SUPER SLICES,2,1
SEATTLE TEAM SHOP 8102,2,1
SELASES BEAUTY SALON,2,1
SELF MADE COUTURE,2,1
SEPHORA,2,1
SERENA THE ART OF HAIR DESIGN,2,1
SERGIOS BARBER SHOP,2,1
SERIOUS PIE VIRGINIA,2,1
SERRA SC,2,1
SEW IT SEAMS TIE DYE,2,1
SHAMROCK LN THE CLADDAGH SHOPPE,2,1
SHEILA WALSH ASSOCS,2,1
SHELF AWARENESS,2,1
SHINE IN THE MARKET,2,1
SHUGS SODA FOUNTAIN,2,1
SHY GIANT FROZEN YOGURT,2,1
SILVER CHERRY,2,1
SIMPLE LIFE,2,1
SINGLES GOING STEADY,2,1
SIP N GO,2,1
SIRENA AGLW,2,1
SIROON COLLECTIONS,2,1
SISALCARPET COM,2,1
SISTERS,2,1
SKILLET,2,1
SKY SALON,2,1
SLICES USA,2,1
SLPR,2,1
SMILELASH BEAUTY,2,1
SNOWY VILLAGE,2,1
SOCIAL GROUNDS COFFEE TEA,2,1
SOCIAL TEA CAPITOL HILL,2,1
SOLSTICE DESIGNS,2,1
SONU BEAUTY BAR,2,1
SONYAS BAR GRILL,2,1
SOSIOS FRUIT PRODUCE,2,1
SOUND FENCE COMPANY,2,1
SOUND VIEW CAFE,2,1
SPARKLE N GLEAM,2,1
SPARKLE SLIME,2,1
SPIC N SPAN,2,1
SPIN,2,1
SPRUCE SODO,2,1
SQUIRE BARBERSHOP,2,1
SRD,2,1
STADIUM ARCO,2,1
STANCE CADDY,2,1
STARBB TOYS,2,1
STARBUCKS COFFEE 104,2,1
STARBUCKS COFFEE 25577,2,1
STARBUCKS COFFEE 301,2,1
STARBUCKS COFFEE 3298,2,1
STARBUCKS COFFEE 3379,2,1
STELLA NICHE,2,1
STEPHANIE PICAZO ARTISTRY,2,1
STEWART STREET BARBERS,2,1
STONEWAY ELECTRIC SUPPLY,2,1
STREET CHEESE CHEESE SCHOOL OF SEATTLE,2,1
STRUCTURE SALON,2,1
STUDS,2,1
SUBWAY 11801,2,1
SUBWAY 11801 1,2,1
SUBWAY 20520,2,1
SUBWAY 24968,2,1
SUCREY SALEY,2,1
SUGAR HILL,2,1
SUI,2,1
SUNSET BOBA,2,1
SUNSHINE JEWELRY,2,1
SUR LA TABLE,2,1
SUSHI AVE,2,1
SUSHI KASHIBA,2,1
SUSHI MAKI,2,1
SWAHILI DISHES,2,1
SWEET BAGS,2,1
SWEETIES CANDY,2,1
SWINK STYLE BAR,2,1
TACO TIME,2,1
TAMARIBAR,2,1
TANAKASAN,2,1
TAYLOR SHELLFISH FARMS,2,1
TAYLOR STITCH,2,1
TAZ,2,1
TEA LABS,2,1
TENDER LOVING EMPIRE,2,1
THAIGO,2,1
THE BALCONY SHOP,2,1
THE BOOK CLUB OF WASHINGTON,2,1
THE CAFE HAPPY,2,1
THE CARLILE ROOM,2,1
THE CHAPEL LOUNGE,2,1
THE CHEESE BOX,2,1
THE COIN STAMP SHOP,2,1
THE COLLEGE INN PUB,2,1
THE COUPE FLUTE,2,1
THE CRUMPET SHOP,2,1
THE FLOW NAILS,2,1
THE GOLDEN GOOSE,2,1
THE HANDMADE SHOWROOM,2,1
THE HENRY GALLERY ASSOCIATION,2,1
THE HOUSE OF SILVER GOLD ANIMAL LOVER,2,1
THE LITTLE STORE,2,1
THE LUNCH LADIES,2,1
THE MYSTIC MOON SPELLS AND APOTHECARY,2,1
THE NEW STANDARD MODERN BARBERING,2,1
THE PINE BOX,2,1
THE POTTED GARDENS,2,1
THE PRO SHOP,2,1
THE RABBIT BOX,2,1
THE RETRO,2,1
THE SEATTLE EAGLE,2,1
THE SOUK,2,1
THE TALL CHEF,2,1
THE TAPROOM AT PIKE PLACE,2,1
THE TASTING ROOM,2,1
THE TILTED TABLE,2,1
THEODORE F B,2,1
THOR OPEN FACED SANDWICHES,2,1
THREE GIRLS BAKERY,2,1
THRIVE TOGETHER HEALING ARTS,2,1
TIARA YACHTS,2,1
TINA JUVONEN,2,1
TOBACCORNER,2,1
TOKYO THRIFT,2,1
TORTAS OAXAQUENAS CHAVELITA,2,1
TOTEM SMOKEHOUSE,2,1
TOWER 12 CAFE DELI,2,1
TOYOTA OF SEATTLE,2,1
TRACI N SCHILLE,2,1
TRADISH,2,1
TRAVELERS HEALTH AND WELLNESS,2,1
TREETZ,2,1
TREVINO SKIN CARE,2,1
TRUDYS FLORAL DESIGN,2,1
TRUE LOVE TATTOO ART GALLERY,2,1
TUNE HI FI,2,1
U DISTRICT GROCERY,2,1
UNDER THE NEEDLE,2,1
UNIQLO,2,1
UPLAND FIBER,2,1
URBAN COFFEE HOUSE,2,1
URBAN OUTFITTERS,2,1
URBAN PRIVATE CLUB,2,1
URBAN SUSHI KITCHEN,2,1
UTILITY WORKS,2,1
VANN STUDIOS,2,1
VARNISH SEATTLE,2,1
VELASQUEZ DANIEL J,2,1
VENDING,2,1
VI SKIN,2,1
VIBES BY JORY,2,1
VICE,2,1
VICTOR,2,1
VICTORIA WHITTEN,2,1
VIETLICIOUS BAKERY,2,1
VILLA ESCONDIDA,2,1
VIRGINIA INN,2,1
VOODOO DOUGHNUT,2,1
W DESIGNS,2,1
WALLYS GROCERY,2,1
WARBY PARKER,2,1
WARDROBE,2,1
WELLNESS GIFT SHOP I,2,1
WENDYS,2,1
WESTERN AVENUE SENIOR HOUSING,2,1
WESTLAKE SUBWAY,2,1
WHISKY BAR,2,1
WHITE HORSE TAVERN,2,1
WILD FISH POKE,2,1
WILD TIGER PIZZA,2,1
WOODRING NORTHWEST,2,1
WORLD MARKET,2,1
WORLD SPICE,2,1
XI AN NOODLES,2,1
XIAN NOODLES,2,1
XING FU TANG,2,1
YELLOW BEE,2,1
YES PARADE RESTAURANT GROUP,2,1
YOOSA,2,1
YORUS DEBESAY,2,1
YOUNG FLOWERS,2,1
YUSHI TAKEI,2,1
YVETTE LIU PET CARE,2,1
Z WORKS,2,1
ZARA USA,2,1
ZEMA CAFE RESTAURANT,2,1
ZHIQI ZHOU,2,1
ZIG ZAG CAFE,2,1
ZOLA WINDOWS,2,1
ZUBA,2,1
1111 CANNABIS,1,1
12TH AVE SLICE,1,1
14TH AVE HAIR,1,1
2 1 2 HAPPY BARBERS,1,1
206 BURGER,1,1
206 MINI MART,1,1
22 MILE STUDIO,1,1
2ND AVE GROCERY,1,1
3 LITTLE SISTERS FILIPINO DELI,1,1
35TH NORTH,1,1
4 WALLS FOR SCRUBS,1,1
425 747 4455,1,1
45TH POKE BAR,1,1
611 SUPREME,1,1
65TH ST CAFE RESTAURANT,1,1
7 ELEVEN 16545G,1,1
7 ELEVEN 37755A,1,1
7 ELEVEN 38365A,1,1
7 ELEVEN E,1,1
8 OZ,1,1
A CHAU ACFE,1,1
A COMMON CAKE BOND,1,1
A GREENER TODAY RECREATIONAL,1,1
A J ACCESSORIES,1,1
A M TRADING,1,1
A MAIRA BOUTIQUE,1,1
A MATTER OF TASTE,1,1
A MUDDY CUP,1,1
A PERSONAL POINT OF VIEW THE FASHION COLLABORTOR,1,1
A PIZZ MART BAR GRILL,1,1
AAHAAR EXPRESS,1,1
AAMRAI RESTAURANT,1,1
ABALORIA JEWELRY,1,1
ABARROTERIA RESTAURANTE RAMIREZ,1,1
ABARROTES PABLO,1,1
ABC PHONES OF NORTH CAROLINA,1,1
ABDIRAHMAN A HAMARY,1,1
ABIMAEL LOPEZ SANTIAGO,1,1
ABYSSINIA MARKET,1,1
ACCESS COMMUNICATION WA,1,1
ACE BARBER SHOPS,1,1
ACEDACRAFTS,1,1
ACHILLES,1,1
ADAM TAILOR,1,1
ADARASH MARKET ADWA PRODUCTION,1,1
ADAS DISCOVERY CAFE,1,1
ADAS TECHNICAL BOOKS,1,1
ADDA CHAI COLLECTIVE,1,1
ADORN,1,1
ADORN HOME GARDEN,1,1
ADVANTAGE SANITARY SUPPLY,1,1
AFELLA JOLLOF CATERING,1,1
AFRICANITA,1,1
AFRIK GROCERY COFFEE SHOP,1,1
AGAR WELLNESS,1,1
AGAVERO,1,1
AGM FOOD,1,1
AGUA VERDE CAFE,1,1
AIDS HEALTHCARE FOUNDATION,1,1
AIKO SMITH SALON,1,1
AJAX ELECTRIC,1,1
AL ABUDI FIRAS N,1,1
AL BACHA RESTAURANT,1,1
AL BASHA,1,1
ALADDIN CHICKEN CHARBURGER,1,1
ALADDIN FALAFEL CORNER,1,1
ALADDIN GYROCERY SHAWARMA,1,1
ALAN VINTAGE,1,1
ALBASHA,1,1
ALEM RESTAURANT,1,1
ALEX KELLENBERGER,1,1
ALEXANDRA S DESIGNS,1,1
ALEXIS SCHLEGEL,1,1
ALIBERTOS JR FRESH MEXICAN FOOD,1,1
ALIEN HAIRDRESSER,1,1
ALIS GROUP,1,1
ALL N THE CUT,1,1
ALL SEASONS CLEANERS,1,1
ALLEGRO ESPRESSO,1,1
ALLIES DOG WALKS,1,1
ALLINE W THURLOW,1,1
ALLISON BUCHBINDER HAIRDRESSING,1,1
ALLISON MARION EARTHPOET MOORE,1,1
ALOE HONEYSUCKLE,1,1
ALS HILO MUSIC GAMES,1,1
ALTA GLAMOUR,1,1
ALTER OF BEAUTY,1,1
ALTERATIONS PLUS DRYCLEAN,1,1
ALTURA RESTAURANT,1,1
ALUMIKNOTTY,1,1
AMADEUS,1,1
AMAZING LASH STUDIO,1,1
AMAZING THAI CUISINE,1,1
AMBASSADOR BARBER,1,1
AMERICAN MARY,1,1
AMERICANA,1,1
AMMANA HOUSEWARE GROCERY,1,1
ANALOG COFFEE,1,1
ANALYTIC COUCH COMPANY,1,1
ANBAI,1,1
ANCIENT GATE COFFEE,1,1
ANDIS SALON,1,1
ANGKOR WOK,1,1
ANNAPURNA CAFE,1,1
ANNE MCGOWAN,1,1
ANNE VALENTIN,1,1
ANNETTE WADIYAH E NELSON,1,1
ANTHONY WALLACE,1,1
ANTHONYS PIER 66 BELL ST DINER,1,1
ANTIQUE MALL BOOTH,1,1
ANTIQUE NECESSITIES,1,1
ANTOJITOS EL CORRE CAMINOS,1,1
ANTOJITOS LITA ROSITA,1,1
AOKI JAPANESE GRILL SUSHI BAR,1,1
AOKI SUSHI GRILL,1,1
APOLLO NAILS SPA,1,1
AQUARIUM ZEN,1,1
ARAMARK UNIVERSITY OF WASHINGTON,1,1
ARAYAS PLACE SEATTLE,1,1
ARCHIVE PAPER PRESS,1,1
ARDEN HOME,1,1
AREPA VENEZUELAN KITCHEN,1,1
ARI S CUSTOM GIFTS,1,1
ARLYNNS MEXCIAN STORE,1,1
AROMA KITCHEN,1,1
AROMA VALLEY MASSAGE,1,1
ART TIQUES,1,1
ARTFUL GARDEN DESIGN,1,1
ARTFUL HAIR STUDIO,1,1
ARTIBUS,1,1
ARTISAN CAFE,1,1
ARTISAN PAWS STUDIO,1,1
ASLE SERVICE STATION,1,1
ASMARA SHIKOR,1,1
ASMARA SHIKOR FASHION AND,1,1
ATELIER MADRONA PARFUMEUR,1,1
ATELIER NEW YORK,1,1
ATIWO DESIGNS,1,1
ATLANTIC CROSSING,1,1
ATLAS OASIS,1,1
ATULEA,1,1
AU USA KITCHEN,1,1
AVEDA ARTS SCIENCE INSTITUTE SEATTLE,1,1
AVENE BARBER SHOP,1,1
AVIV HUMMUS BAR,1,1
AXARI EMPIRE,1,1
AYUTTHAYA THAI RESTAURANT,1,1
AZ STUDIO,1,1
AZMERA BAR AND RESTAURANT,1,1
AZMERA MARKET AND FASHION,1,1
AZMERA RESTAURANT,1,1
B NAILS SPA,1,1
B SIDE FOODS,1,1
BA MIEN SEAFOOD MARKET,1,1
BABA SAJ,1,1
BABELAND,1,1
BAD CHANCLA,1,1
BAEBAKE,1,1
BAGEL OASIS,1,1
BAI TONG ON CLOUD U DISTRICT,1,1
BAI TONG THAI STREET CAFE,1,1
BAIFERN THAI EATERY BAR,1,1
BAIT,1,1
BAIT SHOP,1,1
BALAGERU INTERNATIONAL MART,1,1
BANANAS GRILL,1,1
BANG BANG KITCHEN,1,1
BANGRAK MARKET,1,1
BANH MI DELUXE BOSS TEA,1,1
BANTU KNOT EMBROIDERY,1,1
BAR CANTINETTA,1,1
BAR THE WAY,1,1
BAR VACILANDO,1,1
BARAKA STORE CLOTHING,1,1
BARBERKADA,1,1
BARKING GORGEOUS,1,1
BASKIN 31 ROBBINS,1,1
BAUHAUS STRONG COFFEE,1,1
BBB USED TIRES,1,1
BBQ CHICKEN UW,1,1
BE CONCIERGE,1,1
BE FANCY COSMETICS,1,1
BEACON AVE SHELL FOOD MART,1,1
BEACON BBQ DELI,1,1
BEACON HILL 76,1,1
BEACON HILL AUTO SERVICES,1,1
BEACON HILL DRYCLEANERS,1,1
BEAN ESPRESSO,1,1
BEASTIE GIRLS,1,1
BEAUTY EXPO,1,1
BEDROOMS MORE,1,1
BEE S KNEES COOKIES,1,1
BEIS CELLARS,1,1
BELLTOWN MARKET,1,1
BELLTOWN PIZZA,1,1
BEN S CLEANER SALES,1,1
BENGAL TIGER,1,1
BERRY MUCH,1,1
BEST AMERICAN DUFFEL,1,1
BEST BUY STORES 470,1,1
BEST BUY TECHNOLOGY DEVELOPMENT CTR 960971,1,1
BETSUTENJIN RAMEN,1,1
BETTERME,1,1
BEYOND VAPE,1,1
BI PRODUCT PRODUCTIONS,1,1
BIANG BIANG NOODLES,1,1
BIG DUMPLING ENERGY,1,1
BIG FUN,1,1
BIG LITTLE NEWS,1,1
BIG MARIOS,1,1
BIG RIVER SERVICES,1,1
BIG TIME BREWERY ALE HOUSE,1,1
BIG TUNA,1,1
BIKE SWIFT,1,1
BILAAL MINI MARKET,1,1
BILLIARD HOANG,1,1
BIRDIE SALON,1,1
BIRRIERIA TIJUANA,1,1
BISCHOFBERGER VIOLINS,1,1
BISCUIT BITCH BELLTOWN,1,1
BITCH IM RECOVERING,1,1
BITE AND BENTO,1,1
BITE THEORY BY NIKFOODS,1,1
BLACHE DESIGNS,1,1
BLACK ARROWS COFFEE,1,1
BLACK CAP VINTAGE,1,1
BLACK DOLPHIN TATTOO,1,1
BLICK ART MATERIALS,1,1
BLOOM AWAY,1,1
BLUE SKY BRIDAL,1,1
BOARDS BY ERICA,1,1
BOBA UP,1,1
BOBABUCHA CAFE,1,1
BOBALUST,1,1
BOBBY JO S MERCANTILE PLANTS FOR SALE,1,1
BOBER TEA MOCHI DOUGH,1,1
BOBS QUALITY MEATS,1,1
BOCA RESTO BAR GRILL,1,1
BOK A BOK,1,1
BOK A BOK CAPITOL HILL,1,1
BOLLYWOOD360 UW,1,1
BOMBAY BURGER,1,1
BOMBAY JEWELRY,1,1
BON APPETIT,1,1
BON APPETIT CORNISH COLLEGE,1,1
BON RESTAURANT,1,1
BONITO CAFE Y MERCADITO,1,1
BONNIE RAE FINE FOODS AND CATERING,1,1
BOOKS4CARS,1,1
BOP CHI CHI,1,1
BOREAL,1,1
BOTANICA SEATTLE,1,1
BOUMBA,1,1
BOUNOR JEWELRY,1,1
BOWTIE SPORTS ENTERTAINMENT,1,1
BOY SCOUT TROOP 151,1,1
BRAKE CLUTCH SUPPLY,1,1
BRASS TACKS MERCANTILE,1,1
BREATHE SPA,1,1
BRETT AGGEN ASSOCIATES,1,1
BRICKS MINIFIGS USA25,1,1
BRIDES FOR A CAUSE,1,1
BRIGHT SPOT,1,1
BROADFORK CAFE,1,1
BROADWAY FOOD FUEL,1,1
BROADWAY PHO CAFE,1,1
BROADWAY ROY GAS,1,1
BROADWAY WOK,1,1
BROOKLYN BARBER SALON,1,1
BROOKS FAMILY BARBER SHOP,1,1
BROTH,1,1
BROTH NOODLE BAR,1,1
BROW BUNNY,1,1
BROW GLOW,1,1
BRUNELLO RISTORANTE,1,1
BUA 9 THAI CUISINE,1,1
BUBBLE TEA FRESH FRUIT JUICE,1,1
BUCK BUCK,1,1
BUCKHORN BARBERSHOP,1,1
BUCKLEYS IN BELLTOWN,1,1
BUGIS,1,1
BUILT BY BOOTH,1,1
BULLDOG NEWS,1,1
BUN BUNS,1,1
BUNCHES OF LUNCHES SOUT EXPCATN,1,1
BURGER KABOB HUT,1,1
BURGER KING 6972,1,1
BURGER SPIRITS EMPORIUM 12,1,1
BURGERS SCHMURGERS,1,1
BURITOS CALIFORNIA,1,1
BURY ME IN GOLD,1,1
BUSAN JEONG,1,1
BUSTY BEANS,1,1
BUTTER,1,1
BUTTER NUTRITION,1,1
C E JOY STUDIO,1,1
C SCURIO,1,1
CACERES BROWS SKINCARE,1,1
CAFE ARGENTO,1,1
CAFE CON LECHE,1,1
CAFE HAGEN,1,1
CAFE HUONG QUE,1,1
CAFE IBEX,1,1
CAFE LOLO,1,1
CAFE LULU,1,1
CAFE ON THE AVE,1,1
CAFE RED,1,1
CAFE SOLSTICE,1,1
CAFE TRUONG NGUYEN,1,1
CAFFE VITA CAFFE FIORE,1,1
CAILYBJORN,1,1
CAIRO,1,1
CAJUN CRAWFISH,1,1
CALIFORNIA BURRITO TACO SHOP,1,1
CALL A CHICKEN,1,1
CAMERON DONTA THOMAS,1,1
CAMSTYLEDYOU,1,1
CANINE COHORT,1,1
CANNABI SEATTLE,1,1
CANNAZONE,1,1
CANNED HAM ART,1,1
CAPITAL D CAFE,1,1
CAPITALE PIZZERIA,1,1
CAPITOL CIDER,1,1
CAPITOL LOANS MUSIC,1,1
CAPITOL THRILL,1,1
CAPTAIN BLACKS,1,1
CAPTAIN SNACKS,1,1
CARAVAN,1,1
CARAVAN RESTAURANT,1,1
CARDCEUS,1,1
CARMELOS TACOS UNIVERSITY,1,1
CARNITAS MICHOACAN,1,1
CARRELLO RESTAURANT,1,1
CASA PATRON MEXICAN CUISINE,1,1
CASABLANCA EXPRESS,1,1
CASCINA SPINASSE,1,1
CASCO ANTIGUO,1,1
CASH AMERICA PAWN,1,1
CASITA INTL,1,1
CASSANDRA L MITCHELL,1,1
CASSETTA POP UP,1,1
CAT CAFE,1,1
CATHRYN DAMMEL DESIGN,1,1
CC ATTLES,1,1
CEDAR TEA HOUSE,1,1
CEDARS OF LEBANON RESTAURANT,1,1
CEDARS ON BROADWAY,1,1
CEDARS ON BROOKLYN RESTAURANT,1,1
CEDARS RESTAURANT,1,1
CEESAY FAMILY,1,1
CENTER FOR BICYCLE REPAIR,1,1
CENTRAL BAR RESTAURANT,1,1
CESAR TUGADE BEAUTY ACADEMY HAIR SALON,1,1
CHA CHA LOUNGE,1,1
CHA CHAK,1,1
CHAI HIGH SPIRITS,1,1
CHAMBERLAIN KATHRYN L,1,1
CHAMMORICAN,1,1
CHANDELIER LOUNGE,1,1
CHANGES HAIR STUDIO,1,1
CHARLIES CHARMORY,1,1
CHARLIETTEA,1,1
CHARTREUSE INTERNATIONAL,1,1
CHE DESSERT,1,1
CHEBA HUT,1,1
CHEECH N CHANGAS,1,1
CHELSQUEEEEE,1,1
CHENNAI EXPRESS,1,1
CHERYL JOHNSON ENTERPRISES,1,1
CHEVRON,1,1
CHICKN FIX,1,1
CHIDORI,1,1
CHIEN SEWING,1,1
CHILIS SOUTH INDIAN CUISINE,1,1
CHINNIES KITCHEN UDISTRICT,1,1
CHIPOTLE MEXICAN GRILL 1984,1,1
CHIPOTLE SERVICES,1,1
CHIUS CHINESE HERBS,1,1
CHOICE TOBACCO,1,1
CHONG WAH CENTER,1,1
CHOP SUEY,1,1
CHRISTI MCKAY BARBER,1,1
CHRYSANTHEME,1,1
CHU MINH TOFU AND VEGETARIAN DELI,1,1
CHUAN HOUSE,1,1
CHUCK GOODWIN,1,1
CINNAHOLIC SEATTLE,1,1
CIRCA ANTIQUES,1,1
CIRCLE K 9649,1,1
CIRCLE K 9651,1,1
CIRCLE K 9652,1,1
CITY CAFE RESTURANT,1,1
CITY FOODS,1,1
CITY PEOPLE S,1,1
CLAIRE GUTSHALL ART,1,1
CLOCK OUT LOUNGE,1,1
CLOUD CAFE,1,1
CLOUDZ VAPE,1,1
CMC,1,1
COCHE VALLEY DESSERT CAFE,1,1
COCO,1,1
COCO FRESH TEA JUICE,1,1
COFFEEHOLIC HOUSE,1,1
COLD BREW CREW,1,1
COLIBRI S MEXICAN KITCHEN,1,1
COLLASPE IMPOSSIBLE,1,1
COLLIN LEI CURTIS OZOLINS,1,1
COLORBYCAS,1,1
COLUMBIA CITY BOUQUET,1,1
COLUMBIA CITY MARKET,1,1
COLUMBIA CITY MART,1,1
COLUMBIA FUNERAL HOME,1,1
COMEBUYTEA,1,1
COMEDY BAR,1,1
COMFORT BY AKIKO,1,1
COMMON GOODS SEATTLE,1,1
COMPASS GROUP USA,1,1
CONGRA WORLD IMPORTS,1,1
CONNECT PERSONAL FITNESS,1,1
CONTINUUM,1,1
COOKIES WITH TIFFANY,1,1
COOKUNITY,1,1
COOL RAY S SNOCONS,1,1
CORNELLY,1,1
CORRETTDS,1,1
CORRIE L ADAMS MASSAGE,1,1
COSIBOSI,1,1
COSMIC HOME PET,1,1
COSMIGNON,1,1
COSTAS,1,1
COTTON MOUTH CONFECTIONS,1,1
COTTONTAIL,1,1
COUCH SEATTLE,1,1
COUNTRY FRIED VINTAGE,1,1
CRAFTERS OF THE COAST,1,1
CRANES LANDING,1,1
CRAVE BEER SMOKE,1,1
CRAWFISH CHEF SEAFOOD RESTAURANT,1,1
CREAMED AND BREAD,1,1
CREATIVE HOUSE BRANDING,1,1
CREATURE CONSIGNMENT,1,1
CREPE CRAVERS,1,1
CRESCENT DOWNWORKS,1,1
CROSSROADS TRADING,1,1
CROSSROADS TRADING COMPANY,1,1
CRUSH DOG,1,1
CRYOFLESH,1,1
CRYSTAL CLEAN LAUNDRY,1,1
CULTIS BOTANICA,1,1
CULTIVAR FARMS,1,1
CUPCAKE ROYALE,1,1
CURE,1,1
CURE LIVESTREAM LOUNGE,1,1
CURRY S CULTURE,1,1
CUSTOM DELIVERY,1,1
CUTIE SEASON,1,1
CVS PHARMACY 16628,1,1
CYNDAS PET CARE,1,1
D E HAIR DESIGN MOBILE SERVICES,1,1
D1STRACTED SQU1RRE1,1,1
DABITCG,1,1
DALE KNEZEVICH,1,1
DANA VINTAGE,1,1
DANACA DESIGN,1,1
DANIEL ARRIAGA MARIA CHAVEZ,1,1
DANIEL R NEISH,1,1
DANIEL USED AUTOMOBILE DEALER,1,1
DANIXA BONILLA,1,1
DAO BARBER SHOP,1,1
DARCYHAIRDESIGN,1,1
DARE TO DREAM CLAY,1,1
DARK AGE TATTOO,1,1
DASHMART,1,1
DAVE S HOT CHICKEN,1,1
DAVIBE HOOKAH LOUNGE,1,1
DAVID C WILSON BOOKS,1,1
DAVIDS HAIR EXTRAVAGANZA,1,1
DAVIS OPTICAL,1,1
DAVIS WOODWORKING,1,1
DAWSON SALON,1,1
DAYSPRING FITCH FUNERAL DIRECTORS,1,1
DD CHA LUA RESTAURANT,1,1
DEAD RINGER VEGAN BAKERY,1,1
DEARLY BELOVED,1,1
DEJEN TOWING AUTO,1,1
DELICIOSAS FRUTAS,1,1
DELITE BAKERY SEATTLE,1,1
DELUSIONAL BIRD SHOP,1,1
DELUXE BAR GRILL,1,1
DELUXE JUNK,1,1
DENNYS 8665,1,1
DERBY,1,1
DERBY SALON,1,1
DESIDERATA,1,1
DETOUR ESPRESSO,1,1
DHARMA FRIENDSHIP FOUNDATION,1,1
DIANA VINH ART,1,1
DICKS DRIVE IN RESTAURANT,1,1
DICKS DRIVE IN RESTAURANTS,1,1
DICKS SPORTING GOODS,1,1
DIE BIERSTUBE,1,1
DIESEL,1,1
DIG CAP,1,1
DIJANNA LORAINE,1,1
DIM SUM HOUSE,1,1
DIMI BUCKLEY,1,1
DING TEA SEATTLE,1,1
DINOS TOMATO PIE,1,1
DINOUSB,1,1
DISCO MUNDO RECORDS,1,1
DISCOUNT TIRE,1,1
DISPENSA,1,1
DISTANT WORLDS COFFEEHOUSE,1,1
DISTRICT 4 CAFE,1,1
DISTRICT H,1,1
DIVINE HAIR SALON,1,1
DIXONS FURNITURE,1,1
DJA TIRES AUTO SERVICES,1,1
DJUNG ON WHEELS,1,1
DOCUMENTATION INTELLIGENCE GROUP,1,1
DOG ON K9 ACADEMY,1,1
DOGHOUSE LEATHERS,1,1
DOLLAR TREE 6400,1,1
DOLLHOU3E,1,1
DONA QUEEN DONUTS DELI,1,1
DONER BOX,1,1
DONG VINH,1,1
DONNELLY PATRICIA J,1,1
DONT YELL AT ME,1,1
DONUT FACTORY,1,1
DOSE OIL,1,1
DOUGHBABY,1,1
DOUGHJOY,1,1
DOWNTOWN PIZZA,1,1
DP WORLDWIDE,1,1
DREAM PLAY THRIVE,1,1
DREAM THE BARBER,1,1
DREW NICKLAS CERAMICS,1,1
DRIP TEA,1,1
DRIP TEA MARKET,1,1
DUE CUCINA ITALIANA,1,1
DUEMINUTI DUE CUCINA ITALIANA,1,1
DUFFY ANN F,1,1
DUSITA SOCIETY,1,1
DVG,1,1
DYAM MANAGEMENT,1,1
DYNAMO MOCKS,1,1
EAGLE LANDSCAPING GARDENING,1,1
EARLS ON THE AVE,1,1
EAST AFRICAN GROCERY,1,1
EASY CARIBBEAN,1,1
EASY PACE BREWING,1,1
EAT ASIAN TAPAS,1,1
EBROW LOUNGE DOWNTOWN,1,1
ECDLR COMMUNITY DEVELOPMENT,1,1
EDGE OF THE CIRCLE BOOKS,1,1
EDITION SUSHI,1,1
EGGSCAPES,1,1
EINSTEIN BROS BAGELS 2161,1,1
EL CANTOR MEX CUISINE,1,1
EL CERRO,1,1
EL FAROL,1,1
EL LUGAR RESTAURANT,1,1
EL SABOR DEL TACO,1,1
EL SUPER POLLO DE SEATTLE,1,1
EL TOROGOZ,1,1
ELITE THE,1,1
ELIXIR DESSERT AND COCKTAIL LOUNGE,1,1
ELIZABETH A SCOTT,1,1
ELLIOTS RELICS,1,1
ELLIOTT BAY BOOK,1,1
ELM CANDLE BAR,1,1
ELTANA,1,1
ELYSE BARTLETT HAIR MAKEUP,1,1
EMANCIPATION FITNESS,1,1
EMBLEM SKINCARE,1,1
EMERALD CITY ANTIQUES,1,1
EMERALD CITY BARBER COMPANY,1,1
EMERALD CITY FIRED ARTS,1,1
EMERALD CITY FISH CHIPS,1,1
EMERALD CITY FLOWERS,1,1
EMERALD CITY GEM BEAUTY STUDIO,1,1
EMERSON SALON,1,1
EMILY LADIGES,1,1
EMILYOLYVIA,1,1
EMME CAFE,1,1
EMPIRE ESPRESSO,1,1
EMPIRE SPEED WASH,1,1
ENCORE METALS USA,1,1
ERI HIGUCHI,1,1
ESQUIN WINE SPIRITS,1,1
ESSENSUALS LONDON,1,1
ESTRELLA SALON,1,1
ETHIO MARKET,1,1
EUREST DINING SERVICES,1,1
EURO PUB SEATTLE,1,1
EUROPEAN VINE SELECTIONS OF WA,1,1
EVANGADI ETHIOPIAN MARKET AND RESTAURANT,1,1
EVERGREEN DISTRIBUTION,1,1
EVERGREEN JEWELRY,1,1
EVOLVE HAIR ART,1,1
EXCLUSIVE GRUBS,1,1
EXPIRE SHOP,1,1
EXPO HAIR DESIGN,1,1
EXPRESS ESPRESSO,1,1
FACEODD WEARABLE ART MASKS,1,1
FACET AND FORM,1,1
FAITH MCGEE,1,1
FALUNA,1,1
FANATICS RETAIL GROUP CONCESSIONS,1,1
FANCY FOODS,1,1
FANDRAFT,1,1
FANTASIA ROSE OSLUND,1,1
FARAH BUSINESS,1,1
FASHION NAILS,1,1
FASIKA GROCERY,1,1
FEATHERED PAGES,1,1
FERRARI OF SEATTLE,1,1
FESTIN FELIX,1,1
FESTIVE FESTOON,1,1
FIN DESIGN,1,1
FINN MACCOOLS PUB,1,1
FIRST PICK,1,1
FITRA FOODS,1,1
FIVE DOORS UP,1,1
FIVE GUYS BURGERS FRIES,1,1
FIVE IRON GOLF SEATTLE,1,1
FIVE STARS LAUNDRY,1,1
FIX SALON SEATTLE,1,1
FLAIR TACO,1,1
FLEURSANA APOTHECARY,1,1
FLOAT SEATTLE,1,1
FLOOF PET GROOMING,1,1
FLORA JUNIOR,1,1
FLOWERS BAR RESTAURANT,1,1
FLUFFYBUTTS BELLTOWN,1,1
FOB POKE BAR,1,1
FODDER VENDING,1,1
FOGGY TEA TAVERN,1,1
FOGON CUISINE OF MEXICO,1,1
FOLIO,1,1
FOLLICLE,1,1
FOO LAM CHINESE RESTAURANT,1,1
FOOK MIE RESTAURANT,1,1
FOOTPRINT WINE TAP,1,1
FOREVER HEALTH COMPANY USA,1,1
FOU LEE MARKET,1,1
FOUR CORNERS ART FRAME,1,1
FOUR USA,1,1
FRANCESCA PENCHANT,1,1
FRANCK OYENGA,1,1
FRANKIE JOS,1,1
FREE YOUR HAIR,1,1
FREEMAN,1,1
FRESH DELI MART,1,1
FRESH EVERY THYME,1,1
FRESH FLOURS,1,1
FRESH START RAINBOW CATERING,1,1
FRESHY S DOWNTOWN,1,1
FRIDA,1,1
FRIDA VINTAGE,1,1
FRINGE HAIR SALON,1,1
FULCRUM CAFE,1,1
FULL TILT COLUMBIA CITY,1,1
FULLFILL,1,1
FUNNY BUNNY NAIL SPA,1,1
FUR BABY BAKERY,1,1
FURLUSH,1,1
FUSION DRY CLEANERS,1,1
G F GROCERY,1,1
GABRIEL V JUZON,1,1
GALAMSIYYII HALAL GROCERY,1,1
GALBI BURGER BROADWAY,1,1
GALEN LOWE ART ANTIQUES,1,1
GAME XPLOSION,1,1
GAO LHAO BANGKOK NOODLE SHOP,1,1
GARD CREATIVE,1,1
GARLIC CRUSH SEATTLE,1,1
GASOLINE ALLEY,1,1
GB LICENSE,1,1
GEAR BY JULIAN,1,1
GELXSEULGI,1,1
GEMINI ROOM,1,1
GEMOLOGICAL TRADING,1,1
GENE JUAREZ SALON,1,1
GENESEE SHELL MINI MART,1,1
GENIE JOBS,1,1
GEORGES COFFEE,1,1
GERALDINES COUNTER,1,1
GERVAISE A WHITLAM,1,1
GET SMART ESSENTIALS,1,1
GIRLFRIENDS GLAM HAIR BOUTIQUE,1,1
GLITTER AND GOLD STUDIO,1,1
GLORIA HAIR SALON,1,1
GLORING STUDIO,1,1
GLOS,1,1
GLOSSIER,1,1
GOD DOGS,1,1
GOKAN BY MUSASHI,1,1
GOL MOK MARKET BAR,1,1
GOLDEN DAISY RESTUARANT,1,1
GOLDEN NOODLE BAO,1,1
GONG CHA,1,1
GOOD FOOD INTERNATIONAL,1,1
GOOD LUCK BREAD,1,1
GOOD WEATHER TAILWIND CAFE,1,1
GOODCAMO,1,1
GOODNESS GRAZERS,1,1
GOODWIN ENTERPRISES,1,1
GOURMET TACOS,1,1
GP SONI,1,1
GRACE HAIR DESIGN,1,1
GRACIOUS FOODS,1,1
GRAHAMS JEWELERS,1,1
GRAIN HOUSE,1,1
GRAND AUTO SALES,1,1
GREEDY KITTY,1,1
GREEN DRY CLEANERS,1,1
GREEN EILEEN,1,1
GREEN LAKE BARBER SHOP,1,1
GREEN LAKE EMERALD CITY SMOOTHIE,1,1
GREEN LAKE HEALTH CENTER,1,1
GREEN NAILS SPA,1,1
GREENLAKE BAR AND GRILL,1,1
GREENLAKE SUSHI AND ROLL,1,1
GREG CATRON FELT TEXTILES,1,1
GREGGS GREENLAKE CYCLE,1,1
GRIMWORKS,1,1
GROWLERZ GROOMING,1,1
GS KITCHEN AND BATH,1,1
GT FLORAL,1,1
GUCKENHEIMER SERVICES,1,1
GUDRUN JOHANNSDOTTIR,1,1
GUITAR CENTER 230,1,1
GYO GYO EN,1,1
GYRO HOUSE,1,1
GYRO MASTER LOCAL GYRO BURGERS,1,1
GYRO SABABA,1,1
H B COMPANY,1,1
H C PET FASHION,1,1
H MART UW,1,1
HABESHA MARKET,1,1
HAHA COFFEE TEA,1,1
HAHU ABYSSINIA RESTAURANT,1,1
HAIR BY BEXY,1,1
HAIR BY CAPRICA,1,1
HAIR BY COOLALAZ,1,1
HAIR BY DENICE,1,1
HAIR BY HEWE,1,1
HAIR BY KASIE,1,1
HAIR BY KYLE,1,1
HAIR BY LEA,1,1
HAIR CLUB SALON,1,1
HAIRCUTS BY JAMES P,1,1
HALAL CATERING SERVICES,1,1
HALAL SMASH BRGR,1,1
HALF SHELL RECORDS,1,1
HALLIE SCOTT,1,1
HAMI SALON,1,1
HANH VO THI HONG,1,1
HANNAH LUX,1,1
HANNAN MARKET,1,1
HAPPY LEMON,1,1
HAPPY TOGETHER,1,1
HAPPY TRAILS BARBER,1,1
HARDWARE,1,1
HARISSA LEBANESE CUISINE,1,1
HARRYS FINE FOODS,1,1
HATCH CANTINA,1,1
HAUNTED BURROW BOOKS,1,1
HAUTE TIP,1,1
HAVANA SOCIAL CLUB,1,1
HAWK DOGS,1,1
HAWTHORNE STEREO,1,1
HB SALON,1,1
HEADBANGER HAIR STUDIO,1,1
HEALTH MUTT,1,1
HEALY OXANA A,1,1
HEATHER ISLANDER,1,1
HEAVENWOODE DESIGNS,1,1
HEAVYHIDE BLANKETS,1,1
HEIDI SANDHORST,1,1
HEIRLOOM ABBEY,1,1
HELIX SALON,1,1
HELLO EM,1,1
HENRYS ANTIQUES,1,1
HER ESSENCE HAIR STUDIO,1,1
HERB BITTER,1,1
HERITAGE FLOWERS GIFTS,1,1
HERON LAKE CREATIVE,1,1
HEY FRANCES,1,1
HEYLO,1,1
HEYTEA SOUTH LAKE UNION,1,1
HEYWOOD EVENTS,1,1
HI TEA CAFE,1,1
HIGH 5 BOX,1,1
HILLSIDE BAR,1,1
HILLTOP RED APPLE,1,1
HIROSHI S POKE,1,1
HIROSHIS TAKE OUT DELI,1,1
HIS AND HERS HAIR STUDIO,1,1
HITTS HILL HOUND HAVEN,1,1
HO MING FOR HAIR,1,1
HOA LUXURY NAILS SPA,1,1
HOA SALON ROOSEVELT,1,1
HOANG LAN,1,1
HOBO BIRD,1,1
HOME DEPOT USA,1,1
HOME NET COMPUTER REPAIR,1,1
HONEST JACK AUTO PARTS,1,1
HONEYBEE FRIED CHICKEN,1,1
HONEYHOLE,1,1
HONEYHOLE SANDWICHES,1,1
HONEYS BAUBLES AND CHARM,1,1
HOPVINE PUB,1,1
HOT DOGS PERRONES,1,1
HOT DOGS STAND 1,1,1
HOT GLASS COLOR SUPPLY,1,1
HOT MAMAS PIZZA,1,1
HOT SPOT MINI MART,1,1
HOTBOX SMOKE SHOP,1,1
HOTDOG EXPERIENCE,1,1
HOUR EYES,1,1
HOUSE OF EVE,1,1
HULA HULA,1,1
HUMBLE FLOURISHING,1,1
HUNTRESS DESIGNS,1,1
HUONG BINH RESTAURANT,1,1
HUONG DUONG,1,1
HUOYAN HOT POT,1,1
HURRICANE SPUD,1,1
HUSKY BARBERSHOP,1,1
HYDRA HEALTH COFFEE,1,1
I M JUST KIDDING,1,1
I TIM TODD,1,1
ICANDE,1,1
ICAREZ INTERNATIONAL,1,1
ICE COLE ENTERPRISES,1,1
ICYCLE,1,1
IDEAL IMAGE,1,1
IDIL INTERNATIONAL MARKET,1,1
IF BOOKS COULD KILL,1,1
IHOP,1,1
IMAGE CONCEPTS,1,1
IMAGE STUDIOS SEATTLE NORTHGATE,1,1
IMMIGRANT SENIOR AND YOUTH UNITED,1,1
IMO POCHA,1,1
IMPERIAL KITCHEN AND BAR,1,1
IMPERIAL RICHFIELD,1,1
INANNA,1,1
INDIA BISTRO,1,1
INDIAN CHINESE GRILL,1,1
INDUSTRY SALON SEATTLE,1,1
INNERVISIONS,1,1
INNOFRESH,1,1
INNOVATIVE ANSER,1,1
INSIGNIA D M,1,1
INTEGRA HAIR DESIGN,1,1
INTERNETS MARKETING 101,1,1
INTERRA OILS,1,1
INTONX,1,1
IRCO,1,1
IRON BLOOM,1,1
IRONMERMAIDEN,1,1
ISAAC GENERAL TRADING,1,1
ISHONI SEATTLE,1,1
ISLAND SOUL FOOD SHACK,1,1
ISLAND SOUL RUM BAR SOUL SHACK,1,1
ISMA NUURA,1,1
ITADAKIMASU,1,1
J MATHESON URBAN GIFTS KITCHEN,1,1
JACKALOPE TEX MEX,1,1
JACKS AUTO PARTS,1,1
JACKSON,1,1
JACO ABARCA,1,1
JACOBSEN ART,1,1
JAI THAI UNIVERSITY,1,1
JAMAICA MI KRAZY FOOD TRUCK CATERING SERVICES,1,1
JAMIE L OLSON,1,1
JAMIL THRIFT,1,1
JAMJUREE THAI CUISINE,1,1
JANET LUCERO,1,1
JASMINATE,1,1
JASMINE SPA,1,1
JAX BARBER,1,1
JAY R STRAND,1,1
JAYHAIRSTUDIO,1,1
JAYONNA BENTON,1,1
JAYS CLEANERS ROOSEVELT,1,1
JEANELLEBEAUTY,1,1
JEFF HILBURN,1,1
JEFFRY S,1,1
JEMS,1,1
JESS BARBER SHOP,1,1
JET CITY PETS PET SITTING HOME CARE,1,1
JETTY HOUSE VINTAGE,1,1
JEWEL BOX CAFE,1,1
JEWEL CAFE,1,1
JEWEL OF INDIA,1,1
JEWELRY BY YALI,1,1
JIMAINE MILLER,1,1
JIMMY JOHNS GOURMET SANDWICHES 1089,1,1
JIMS MARKET DELI,1,1
JINGER,1,1
JOCELYN MAYHLE,1,1
JOHN KRZYWICKI,1,1
JOHNNYS ORIGINAL SNO KONE,1,1
JOJIYE,1,1
JOJO HAIR SALON,1,1
JON GRACE,1,1
JONES BARBEQUE CATERING,1,1
JONNY NAILS HAND DESIGN,1,1
JOOD RAZOR BARBER SHOP,1,1
JOOSI,1,1
JORDYN ASHLEY BEAUTY,1,1
JOSEPHS ELITE IMAGE,1,1
JOY MINI MART,1,1
JOYCUTS,1,1
JUCIVANA COFFEE SMOOTHIES,1,1
JULES IZAKAYA,1,1
JULIA MORGAN CERAMICS,1,1
JULIANA FRIEDERICH PERSONAL TRAINING,1,1
JULIUS EATS GROUP,1,1
JUNBI SEATTLE,1,1
JUNE DUST,1,1
JUNI VINTAGE,1,1
JUPI COLLECTS ONLINE MARKET,1,1
JUST BETTER BRANDS,1,1
JUST BURGERS,1,1
K L THOMPSON,1,1
KAIMEI,1,1
KAIS BISTRO LOUNGE,1,1
KAJU STUDIOS,1,1
KALABAW,1,1
KALLY THREADING,1,1
KAMAL DESIGNS,1,1
KAMINSKY CRAFTS,1,1
KANISHKA CUISINE OF INDIA,1,1
KAOSAMAI COOK TRUCK 2,1,1
KARAAGE SETSUNA,1,1
KAREN ELI CLOSET,1,1
KARIN KRIPPAEHNE,1,1
KATES PUB,1,1
KATSU BURGER BAR,1,1
KAY JOHNSON,1,1
KAYAVA,1,1
KEZIRA RESTAURANT BAR,1,1
KFOOD DELI,1,1
KHA BAR,1,1
KHANG HOA DUONG GROCERY,1,1
KHAO MAN GAI SEATTLE,1,1
KIDANE AYELE EYOB TEKLEWOLD,1,1
KIKI CAFE TEAHOUSE,1,1
KIKO HOUSE OF COUTURE,1,1
KIM NGOC JEWELRY,1,1
KIM NHUNG MARKETPLACE,1,1
KIM STUDIO NAILS,1,1
KIM SUE GRASS WORKS,1,1
KIMBER ELEMENTS,1,1
KING DYNASTY FOOT SPA,1,1
KING OF THE HILL,1,1
KING WAY HAIR SALON,1,1
KINGS UNLIMITED,1,1
KIRSTEN PIPE COMPANY,1,1
KISMET SALON,1,1
KITANDA,1,1
KITE CROCHETS,1,1
KITIMAT SEATTLE GULL,1,1
KOBO CAPITOL HILL,1,1
KOBUTA OOKAMI KATSU SAKE HOUSE,1,1
KOHITECTURE,1,1
KOKOS SEATTLE,1,1
KONBIT CAFE,1,1
KONG TOFU HOUSE,1,1
KROESENS UNIFORM,1,1
KROESENS UNIFORM COMPANY,1,1
KSANET WOLDU KIFLE,1,1
KT MOTORS,1,1
KU,1,1
KUKAI NORTH GATE,1,1
KUNIMATSU SUSAN Y,1,1
KUPU KUPU,1,1
KURIOUS KIDS,1,1
KUSH21 SODO,1,1
KYOTO TERIYAKI,1,1
L AND H COLLECTIBLES,1,1
L L TERIYAKI,1,1
L ROYA,1,1
L Z BARBER STYLING SHOP,1,1
LA ARGENTINA BAKERY,1,1
LA COCINA SANTIAGO,1,1
LA COSTENITA CUISINE,1,1
LA DIVE,1,1
LA ESPERANZA MERCADO Y CARNICERIA,1,1
LA FASHION,1,1
LA FRESCA,1,1
LA HERRADURA RESTAURANT,1,1
LA MEDUSA,1,1
LA MOON SPA,1,1
LA PALMERA RESTAURANT LOUNGE,1,1
LA PISCA,1,1
LA TERANGA,1,1
LA VITA E BELLA,1,1
LACROSSEWOLF,1,1
LADY NEPTUNE SALON,1,1
LADYBUG ESPRESSO,1,1
LADYBUG PRODUCTIONS,1,1
LAMINE CLOTHES DESIGNER,1,1
LANDER ST SHELL,1,1
LANDER STREET VINTAGE,1,1
LARK,1,1
LASLEY FINE VIOLINS,1,1
LAST LOVE FLORISTRY,1,1
LATONA PUB,1,1
LAUREL,1,1
LAURIE MACBRIDE,1,1
LAVENDER BODY FOOT MASSAGE,1,1
LAYERS GREEN LAKE,1,1
LAYR,1,1
LAZ S TACOS 2 MEXICAN GRILL,1,1
LE FAUX PLAYHOUSE,1,1
LE LABO FRAGRANCES,1,1
LE SPROUTS,1,1
LEAHS CATERING OF SEATTLE,1,1
LEE JOHNSON OF SEATTLE,1,1
LEES HAIR SALON,1,1
LEES KITCHEN U DUB,1,1
LEMLEM ASMARA WHOLESALE RETAIL,1,1
LENWOOD MCQUEEN,1,1
LEVI WALKER POLZIN TATTOOS,1,1
LIANA HAIR SALON,1,1
LIBERTY BAR,1,1
LIFE ON MARS,1,1
LIKELIHOOD,1,1
LIL RED TAKE OUT CATERING,1,1
LILAC ST,1,1
LILLIE S SOULFUL PLATE,1,1
LILY NAILS,1,1
LIMENA,1,1
LIMONCELLO BELLTOWN,1,1
LINDAS TAVERN,1,1
LINDSAY FERRUFINO,1,1
LINDSEY CUNNINGHAM DESIGNS,1,1
LINDSEY RHOADES,1,1
LINESUP,1,1
LIQUID AMBER BOOKS,1,1
LISH,1,1
LITTLE CRAVINGS,1,1
LITTLE DOG GARDEN,1,1
LITTLE DOT STUDIO,1,1
LITTLE DUCK KITCHEN,1,1
LITTLE RED HEN,1,1
LITTLE THAI RESTAURANT,1,1
LITTLEBIRDIE NAILS,1,1
LOAFER COFFEE,1,1
LOCAL BIGGER BURGER,1,1
LOLIS HAIR LOUNGE,1,1
LOOT TABLE,1,1
LOS SINALOENSES MEXICAN FOOD,1,1
LOST LAKE CAFE LOUNGE,1,1
LOTTIES LOUNGE,1,1
LOTUS MASSAGE THERAPY,1,1
LOUMPIA,1,1
LOVE THY FLAVOUR,1,1
LOVING NAIL BY ERIKA,1,1
LOWES 4,1,1
LOXSMITH BAGELS,1,1
LUCIPOWERSLLC,1,1
LUCKY BOY SEATTLE,1,1
LUCKY DOG CLOTHING,1,1
LUCKY ONE FOOD STORE,1,1
LUCKY SEAFOOD,1,1
LUCKY VINTAGE,1,1
LUCY AND ULYSSES,1,1
LUMINATI LABS,1,1
LUNAR HAZE,1,1
LUSHBAR,1,1
LYN HAIR,1,1
LYNN FLOWERS COMPANY,1,1
M H PRODUCE,1,1
M L MUELLER ASSOCIATES,1,1
M2M MART,1,1
MAA KIIN,1,1
MAC MILOS,1,1
MACRINA BAKERY CAFE,1,1
MACRINA BAKING COMPANY,1,1
MACU TEA,1,1
MADISON DRURY CERAMICS,1,1
MADSEN MODERN,1,1
MAGGIE POINT,1,1
MAGIC CUTS,1,1
MAGNOLIA DESIGN CENTER 470,1,1
MAGNOLIA PHO,1,1
MAGPIE THRIFT,1,1
MAGUS ENTERPRISES,1,1
MAINSTAY PROVISIONS,1,1
MAIZ MOLINO,1,1
MAJOR BRANDS FLOORS,1,1
MAJOR STYLES,1,1
MAKDA REDAE,1,1
MANAGERS PIZZA,1,1
MANAO,1,1
MANZOKU IZAKAYA,1,1
MARBLE FOX,1,1
MARCELLEDOESMYHAIR,1,1
MARIA CHRISTOFILIS,1,1
MARINATION COLUMBIA CITY,1,1
MARINATION MOBILE,1,1
MARIPILI RESTAURANT,1,1
MARQUETTA C RILEY,1,1
MARRAKESH MOROCCAN RESTAURANT OF SEATTLE,1,1
MARSHALL,1,1
MASALA OF INDIA CUSINE,1,1
MASON BACH,1,1
MASSIVE CLUB,1,1
MASSIVE CRUSH,1,1
MASTER BING,1,1
MATCHA MAGIC,1,1
MATT LENTZ TATTOO,1,1
MATTRESS DEPOT,1,1
MATTRESS FIRM 508020,1,1
MATTRESS FIRM 508039,1,1
MATTRESS FIRM 508056,1,1
MAWADDA CAFE,1,1
MAXS CAFE,1,1
MAXSON KIROS,1,1
MAYORES WASHINGTON CHICKEN,1,1
MC FOODS,1,1
MCCARTHY SCHIERING,1,1
MCDONALD S 13366,1,1
MCDONALD S 6443,1,1
MCDONALDS 10755,1,1
MDZ DESIGNS,1,1
MEDIUMS COLLECTIVE,1,1
MEE SUM,1,1
MEEKONG BAR,1,1
MEETEA CAFE,1,1
MEI MEI CAFE,1,1
MEKONG ASIAN MARKET,1,1
MEKONG RAINIER SUPERMARKET,1,1
MELANIN MIINKS HAIR,1,1
MEMOS MEXICAN FOOD,1,1
MENCHIES FROZEN YOGURT,1,1
MENS WEARHOUSE 2682,1,1
MENYA MUSO,1,1
MERAKI TEA BAR,1,1
MERCATO BELLAGIO,1,1
MERCURY,1,1
MERIM ABDO,1,1
MERMAID HAIR EXTENSIONS,1,1
METRIX CREATESPACE,1,1
METROPOLITAN CAFE,1,1
METROPOLITAN CAFE AND DELI,1,1
MHM DIGITAL AGENCY,1,1
MI LACAY,1,1
MIA AND MORE,1,1
MICHA LUXE,1,1
MICHAEL SIMONS,1,1
MICHELL HAIR CUT,1,1
MICHELLE PAYETTE HAIR,1,1
MIDNIGHT CANDLES,1,1
MIKIYA WAGYU SHABU HOUSE,1,1
MILAN HAIR SPA,1,1
MILANO PIZZA PASTA,1,1
MILK DRUNK,1,1
MINA S MATCHA,1,1
MINAS MATCHA CART,1,1
MINDEEPHIPPS,1,1
MINH DC SALON,1,1
MINT MARTINI,1,1
MIOPOSTO,1,1
MIQUE,1,1
MIRABAL,1,1
MIRCH MASALA,1,1
MISS MIKE BENTO NOODLES,1,1
MITCH FRIEDMAN,1,1
MIXED PANTRY,1,1
MLK COMMISSARY,1,1
MOBILE 8 STATION,1,1
MOBILE BURGERZ,1,1
MOCHITHINGS,1,1
MOD ROBOT,1,1
MOD SUPER FAST PIZZA,1,1
MODERN CONSCIENCE,1,1
MOGA MINI MARKET,1,1
MOKA,1,1
MOKSHA 2 0,1,1
MOLI BENTO,1,1
MOLLY MOON S HOMEMADE ICE CREAM,1,1
MOMI INDIAN KITCHEN,1,1
MOMIJI,1,1
MOMIJI SLU,1,1
MOMO KING,1,1
MONEY FROG,1,1
MONKEY LOFT LOUNGE,1,1
MONKEY LOFT SARU WITHINSODO,1,1
MONKEY PUB ALEHOUSE THE,1,1
MONORAIL COFFEE,1,1
MONOROMS JEWELRY,1,1
MONTANA,1,1
MOOMOO ENTERTAINMENT,1,1
MORFIRE,1,1
MORSEL,1,1
MOSTAFA,1,1
MOTI MAHAL,1,1
MOTORSPORTS,1,1
MOUBAK FRITTA,1,1
MPL CLEANING,1,1
MR GYROS WALLINGFORD,1,1
MR LU SEAFOOD BURGERS,1,1
MR MISTER,1,1
MS LIN HANDMADE DUMPLING,1,1
MSQUOTABLES,1,1
MT JOY,1,1
MUDDY WATERS,1,1
MUDDY WATERS UNIVERSITY,1,1
MUDI,1,1
MULU HAIR BRAIDING,1,1
MURGABI,1,1
MUSANG SEATTLE,1,1
MUSEUM QUALITY FRAMING,1,1
MUTO SUSHI BOWL,1,1
MVDULCINEA 4,1,1
MY FAVORITE DELI,1,1
MY SPA HOP,1,1
MYCONS USED CARS,1,1
MYKONOS GRILL,1,1
MYLASH BROWS ACADEMY,1,1
MYLLE,1,1
MYTHAI RESTAURANT,1,1
N,1,1
NACHO BORRACHO,1,1
NAIL EYEBROW SALON,1,1
NAIL GHOULS,1,1
NAJMA FAMILY HOME DAYCARE,1,1
NAM PHUONG SVC BOOKSTORE,1,1
NANA S GREEN TEA,1,1
NASAI TERIYAKI,1,1
NASTY SPICE KITCHENS,1,1
NATALIE SHEETS,1,1
NAZARETH MARKET,1,1
NEAT AND PERFECT BAR,1,1
NEIGHBORHOOD MARKET,1,1
NEIGHBOURS,1,1
NEKTER JUICE BAR,1,1
NELLIS RECORDS,1,1
NELSON KONNIE S,1,1
NENG GARDEN,1,1
NEPTUNE MUSIC COMPANY,1,1
NERDWAX CANDLE,1,1
NEUMOS,1,1
NEVERMINDCHUCK,1,1
NEW ACTIVITEA BEVERAGE,1,1
NEW HOLLY NAILS GIFTS ALTERATIONS,1,1
NEW YOU,1,1
NEXTSTOP,1,1
NGOC VIET JEWELRY,1,1
NGUYEM DAT TAM,1,1
NGUYEN VU JEWELRY,1,1
NICE NAILS AND SPA,1,1
NICOLE BARTLEY,1,1
NICOLE DADE,1,1
NICS CUTS,1,1
NIDO,1,1
NIGHT LIGHT NAIL SALON,1,1
NIKOS GYROS,1,1
NINAS SALON,1,1
NISHIMARIECO,1,1
NOCHES EN OAXACA,1,1
NOHM,1,1
NOIR ET BLANC,1,1
NOLA DOG,1,1
NOM NOM SANDO,1,1
NOMADIC INDUSTRIES,1,1
NOMADIC WINE DISPENSARY,1,1
NONGS BARBER SHOP,1,1
NOODLE BAR,1,1
NOODLE CART,1,1
NOOK,1,1
NOOK CRANNY BOOKS,1,1
NOOR FAMILY CHILD CARE,1,1
NORTHGATE 76,1,1
NORTHGATE CHEVRON,1,1
NORTHGATE SHELL FOOD MART,1,1
NORTHWEST LIQUOR WINE,1,1
NOTHINGS NEW VINTAGE,1,1
NOURISH FOODS,1,1
NOVA BOX KARAOKE AND BAR,1,1
NOVELLA GALLERY,1,1
NUDIBRANCH COFFEE,1,1
NUE,1,1
NUME AESTHETICS,1,1
NUMINA,1,1
NUODLE,1,1
O DESSERT,1,1
OBLIVION BOOKS,1,1
ODDFELLOWS,1,1
ODDMENT,1,1
OFF ALLEY,1,1
OFFLINE COFFEE,1,1
OFFSHORE CAFE,1,1
OH MY GIFTS SHOP SEATTLE,1,1
OH YEAH BANH MI,1,1
OLA WYOLA,1,1
OLD BALLARD CATERING,1,1
OLD SICHUAN,1,1
OLD STREET MALATANG,1,1
OLLIE QUINN,1,1
OLYMPIA PIZZA SPAGHETTI HOUSE,1,1
OM THREADING SALON,1,1
ON SAFARI FOODS PRODUCTS,1,1
ONE BITE CAFE,1,1
ONE BODYWORX,1,1
ONEALS ANTIQUES,1,1
ONETON,1,1
ONIGIRI SANZAN,1,1
ONLINE RAILROAD SAFETY,1,1
OPALKA MARGARET P,1,1
OPHIDIAN,1,1
ORA NIGHTCLUB,1,1
ORGANIZED ART,1,1
ORIENT EXPRESS RESTAURANT LOUNGE,1,1
OSTERIA LA SPIGA,1,1
OT MARKET,1,1
OT RAINIER CONVENIENCE STORE,1,1
OTHELLO TERIYAKI WOK,1,1
OTHERWORLD,1,1
OUI SALON,1,1
OUTDOOR RESEARCH,1,1
OVER 9000,1,1
P T LUNCH ROOM SERVICE,1,1
PACHA COLLECTIVE,1,1
PACIFIC LIVE,1,1
PAINT SALON,1,1
PAISLEY FISH,1,1
PAKISTANI INDIAN GROCERY,1,1
PALERMO PIZZA PASTA,1,1
PANACHE CLOTHING,1,1
PANACHE206,1,1
PANDA NOODLE BAR,1,1
PANDA PALACE,1,1
PAPA JOHNS,1,1
PAPA KITCHEN,1,1
PAPAREPAS,1,1
PAPER PORTAL USED BOOKS,1,1
PAPERLESS PRODUCTIVITY,1,1
PARADICE AVENUE SOUF,1,1
PARADISE,1,1
PARADISE RESTAURANT,1,1
PARADISE RESTAURANT SEATTLE,1,1
PARAMOUNT MOTORS NORTHWEST,1,1
PARK SALON SPA,1,1
PATRICIA HOPPER LMT,1,1
PATRINA HAWKINS,1,1
PAWBOO,1,1
PAWBULOUS GLAMOROUS PET GROOMING SPA DAYCARE,1,1
PAWS KISSES,1,1
PAWS2PEAKS,1,1
PCC COLUMBIA CITY,1,1
PEACE RESTAURANT,1,1
PEACEFUL TRAINING,1,1
PEOPLES BARBERSHOP,1,1
PERKINS GLASS MIRROR,1,1
PERRY MARCHE,1,1
PERSONAL TRAINING BY MONICA,1,1
PETCO 1253,1,1
PETER MILLER,1,1
PETER PAN AUTO GLASS,1,1
PETTIROSSO,1,1
PETTY SNACKS,1,1
PHANTOM QUARTZ,1,1
PHE,1,1
PHINNEY FOODS,1,1
PHNOM PENH MARKET,1,1
PHO BAC RESTAURANT,1,1
PHO BAC SUP SHOP,1,1
PHO MY CHAU RESTAURANT,1,1
PHO SHIZZLE,1,1
PHO SO 1,1,1
PHOENIX COMICS GAMES,1,1
PHUOC HUNG MARKET,1,1
PI VEGAN PIZZERIA,1,1
PICK QUICK DRIVE IN,1,1
PIERCED HEARTS TATTOO PARLOR,1,1
PIKE TOBACCO,1,1
PINE FOOD STORE,1,1
PINEAPPLE ESPRESSO UNIVERSITY INN,1,1
PINEAPPLE RESTAURANT GROUP PINEAPPLE CAFE,1,1
PING PING LI,1,1
PINK GORILLA,1,1
PINOYSHKI,1,1
PINTO THAI BISTRO SUSHI BAR,1,1
PISTIL BOOKS ONLINE,1,1
PIZZA COLIBRI,1,1
PIZZA GROUP,1,1
PIZZA TWIST TACO TWIST,1,1
PLANETARY APOTHECARY,1,1
PLATINUM PLUSH,1,1
PLENTY OF CLOUDS,1,1
PLUS84,1,1
PLUTO ORGANIC CAFE,1,1
POKE FRESH,1,1
POKE PLUS,1,1
POLISHED BOUTIQUE SPA,1,1
POLITE HEMP,1,1
POMP SWAY,1,1
PONY,1,1
POP POP PIZZA,1,1
POPPIN NOTARY,1,1
POQUITO S,1,1
POQUITOS,1,1
PORCHLIGHT COFFEE RECORDS,1,1
PORTAGE BAY GRANGE,1,1
POSH HEIRLOOMS,1,1
POSH PAWS,1,1
POST PIKE BAR,1,1
POSTAL PLUS,1,1
PRACTICAL TRAUMA,1,1
PRAXAIR DISTRIBUTION,1,1
PRETTY PARLOR,1,1
PRIM FOOTCARE,1,1
PRIMEWARDS,1,1
PROGRESSIVERC,1,1
PROJECT INTERIM,1,1
PROJECT PIZZA,1,1
PUDGE BROS PIZZA,1,1
PUNTARELLE RESTAURANT AND BAR,1,1
PUPPER S PLAY STAY,1,1
PURE ALCHEMY SALON,1,1
PUZZI,1,1
PYRAMID CATERING EVENTS,1,1
Q NIGHTCLUB,1,1
Q5 DESIGNS,1,1
QAHWA CORNER,1,1
QAZI BROTHERS,1,1
QINGSHU MLT,1,1
QUALITY FOOD CENTERS QFC 847,1,1
QUALITY FOOD CENTERS QFC 887,1,1
QUEEN ANNES SOAPERY,1,1
QUEEN FAYZEL,1,1
QUEEN SHEBA,1,1
QUEENCARE,1,1
QUEER AUDACITY LEATHERWORKS,1,1
QUEER BAR,1,1
QUEERBAR,1,1
QUEERTIQUE,1,1
QUERE TACOS CARNITAS,1,1
QUINNS PUB SOLE REPAIR SHOP,1,1
QUYNHS PHARMACY,1,1
R B TEA,1,1
RACHEL S GINGER BEER,1,1
RADICAL SABBATICAL,1,1
RADIO FREE EARTH PUBLISHING,1,1
RAGS N REVERIE,1,1
RAHAMA CLOTHES AND JEWELRY,1,1
RAIN CITY FLYERS,1,1
RAINBOW FRESH,1,1
RAINBOW NATURAL REMEDIES,1,1
RAINCITY BURGERS,1,1
RAINIER RESTAURANT AND BBQ,1,1
RAINIER SHELL,1,1
RAINIER TERIYAKI,1,1
RAINIER VALERO,1,1
RAINWORKS,1,1
RAINYDAYCOLLECTIBLES,1,1
RAISING CANES,1,1
RALPHS LEATHER,1,1
RAMEN DANBO,1,1
RAMIE,1,1
RANDY BOTT PHOTOGRAPHY,1,1
RAVEN PYNE,1,1
RAVENNA CATERING EVENTS,1,1
RAVENNA INTERIORS,1,1
RAVENNA REFILLS,1,1
RAVENNA ROCKS,1,1
RAVENNA THIRD PLACE BOOKS,1,1
RBBR,1,1
RBBR NETWORKS,1,1
REALFINE COFFEE,1,1
REALNETWORKS,1,1
REANIMATED MUSIC,1,1
REBECCA REALI,1,1
REBEKAH FONDEN,1,1
REBEKAHSTARLLC,1,1
RECESS,1,1
RECOLLECTION BOOKS,1,1
RECORDS BARBERSHOP,1,1
RECREATIONAL EQUIPMENT,1,1
RECYCLED CYCLES,1,1
RED AND BLACK,1,1
RED CHAIR SALON,1,1
RED ROBIN GOURMET BURGERS AND BREWS,1,1
REDLIGHT VINTAGE COSTUME,1,1
REDLINE AUTOSALES,1,1
REFINE NAILS SPA,1,1
REFUEL SEATTLE,1,1
REGENT BAKERY CAFE,1,1
REIGN CONCEPT SALON,1,1
REJUVENATION 5871,1,1
REMEDIUM ISLAND GRILL,1,1
RESTAURANT,1,1
RESTAURANT MELIORA,1,1
RETAIL THERAPY,1,1
RETREAT,1,1
RETROFIT HOME,1,1
REV DELIVERY,1,1
REVOLUTIONS COFFEE,1,1
REVOLVER BAR,1,1
REX SEATTLE,1,1
REY AMARGO CHOCOLATE SHOP,1,1
RIAS NAIL BAR,1,1
RILEY DOES TATTOOS TOO,1,1
RILL BEAUTIFUL,1,1
RIONE XIII,1,1
RIOT HAIR SOCIETY,1,1
RIP AND DRIP COFFEE,1,1
RISE N SHINE,1,1
RITUAL ALCHEMY,1,1
RIZZO S CRISPY CHICKEN,1,1
ROAD RUNNER SPORTS,1,1
ROB ROY,1,1
ROBIN S NEST APOTHECARY,1,1
ROBSON KALIL,1,1
ROCCOS,1,1
ROCK BOX,1,1
ROM MAI THAI,1,1
ROMA RESTAURANT,1,1
ROMA ROMA,1,1
ROMAN DIAZ HAIR,1,1
ROMAN S POTTERY PRINTS,1,1
RONDO,1,1
ROOKIES SPORTS BAR GRILL,1,1
ROOSEVELT NAIL BAR,1,1
ROOT AND ROOST,1,1
ROQUETTE,1,1
ROSE HAMDAN INTERNATIONAL DESIGNS,1,1
ROSE JOY STUDIO,1,1
ROSITA GARCIA,1,1
ROSITAS,1,1
ROTANA BITES,1,1
ROUGH TUMBLE,1,1
ROYAL ESQUIRE CLUB,1,1
ROYAL PALM THAI RESTAURANT,1,1
ROYAL TIGRESS,1,1
RUBINSTEIN BAGELS CAP HILL,1,1
RUBY S JEWLERY,1,1
RUCKUS,1,1
RUCKUS RECREATIONAL APPAREL,1,1
RUCKUS REFINED APPAREL,1,1
RUDYS BARBER SHOP,1,1
RUMBA NOTES,1,1
RUPERTS TRUNK SHOW,1,1
RUSSELL JONES INVESTMENTS,1,1
RUTHIE BURTONS GUMBO CATERING,1,1
S HEINRICH WELLNESS JEWELRY,1,1
SACRED HEART STUDIOS,1,1
SADA SKIN STUDIO,1,1
SADIE SATTLER,1,1
SADOWSKI AESTHETICS LASER,1,1
SAFEWAY STORE 1550,1,1
SAFEWAY STORE 1551,1,1
SAFEWAY STORE 1965,1,1
SAFEWAY STORE 219,1,1
SAFEWAY STORE 3091,1,1
SAFEWAY STORES,1,1
SAFFRON GRILL,1,1
SAGE CUB STICKERS,1,1
SAIGON BARBER BEAUTY SHOP,1,1
SAIGON VIETNAM DELI,1,1
SAINT BREAD,1,1
SALAHEDDINE SERRHINI,1,1
SALINAS NELLIE,1,1
SALLY BEAUTY SUPPLY 10005,1,1
SALLY NAIL,1,1
SALON BARKON,1,1
SALON FILIPI,1,1
SALON K,1,1
SALON MODELLO,1,1
SALON MOONY,1,1
SALON REFINE,1,1
SALON SOVAGA,1,1
SALONCENTRIC,1,1
SALONS SIRENS,1,1
SALS BARBERSHOP,1,1
SALTED,1,1
SALUD CANDLES SOAP MORE,1,1
SALVATORE RISTORANTE ITALIANO,1,1
SAM S TAVERN,1,1
SAMIRS MEDITERRANEAN GRILL,1,1
SAMMICH,1,1
SAMRA CAFE AND BAKLAVA,1,1
SAMS TAVERN,1,1
SAMSARA HEALING,1,1
SAN S STICKERS,1,1
SANKOFA BOUTIQUE,1,1
SANSEVIERIA,1,1
SARAH HARDING,1,1
SARAH MARSH,1,1
SAS SAN ANTONIO SHOEMAKERS 235,1,1
SASQUATCH GUAYABA,1,1
SATMATO YOGA,1,1
SATTVA HEALING ARTS,1,1
SAVANNAH ROSA,1,1
SC GOODS,1,1
SCARY FLOWERS,1,1
SCOOTERS PET CARE,1,1
SCOUT VENTURES,1,1
SCREAM SALON,1,1
SCREWDRIVER BAR,1,1
SEA D IN,1,1
SEAFAB CAFE,1,1
SEASMITH,1,1
SEATTLE BEST CLEANERS,1,1
SEATTLE BODY FOOT MASSAGE,1,1
SEATTLE BRICKSLINGER,1,1
SEATTLE CANINE CLUB,1,1
SEATTLE CANINE CLUB CAPITOL HILL,1,1
SEATTLE CANNABIS,1,1
SEATTLE CHICKEN EXPRESS FANAS CUISINE,1,1
SEATTLE CIGAR TOBACCO,1,1
SEATTLE DECORATIVE ART RESTORATION SVCS,1,1
SEATTLE GEAR,1,1
SEATTLE GOODWILL,1,1
SEATTLE GOODWILL INDUSTRIES,1,1
SEATTLE HAIR SALON AND BEAUTY SUPPLY,1,1
SEATTLE HAIR STUDIO,1,1
SEATTLE KARAOKE ENTERPRISES,1,1
SEATTLE LAUNDRY SERVICE,1,1
SEATTLE NAIL STUDIO,1,1
SEATTLE NOVELTY VENDING,1,1
SEATTLE POLICE PUBLIC FIREARM TRANSFERS AND BUYBAC,1,1
SEATTLE SAMOSA,1,1
SEATTLE SEASONING,1,1
SEATTLE SOUL DOG,1,1
SEATTLE SUPER MARKET,1,1
SEATTLE UNIVERSITY,1,1
SEATTLES BEST TERIYAKI,1,1
SECOND STORY TREASURES,1,1
SECOND TIME ACADEMY,1,1
SECOND USE BUILDING MATERIALS,1,1
SECRET BURGER KITCHEN,1,1
SEGIMARA,1,1
SELFMADE THRIFTZ,1,1
SELVA CENTRAL GOODS,1,1
SENSITIVE DOG THE DOG SHOW,1,1
SERGIUS BACCHUS,1,1
SEVEN STAR PEPPER,1,1
SEVEN STARS PEPPER,1,1
SEWING FACTORY,1,1
SEYNABOU NDOYE,1,1
SHAKE SHACK,1,1
SHAKE SHAKE,1,1
SHAMILA FINE JEWELRY,1,1
SHAWARMA SHACK,1,1
SHAWARMA TIME,1,1
SHAWN KEMPS CANNABIS SODO,1,1
SHEAR FINESSE BARBERSHOP,1,1
SHEAR MADNESS,1,1
SHELBYGRAFFICS,1,1
SHELL MADISON EXPRESS,1,1
SHELLEY HARDWICK VISUAL ARTIST,1,1
SHEMMACHIC,1,1
SHIGAS,1,1
SHIRE SHEARS,1,1
SHIROS RESTAURANT,1,1
SHIRT LADY THE,1,1
SHORTYS,1,1
SHUFFLE SHINE,1,1
SHULTZYS SAUSAGE,1,1
SHUTTLEWORTH ENTERPRISES,1,1
SHWE BAGAN,1,1
SICHUAN HOTPOT,1,1
SIDDAL,1,1
SIDE QUEST TATTOO,1,1
SIEMBRA SEATTLE,1,1
SILLY CAT FOOD,1,1
SILVER PLATTERS,1,1
SILVERWORKS,1,1
SIMPLE HARMONY SHOPPE,1,1
SIMPLY SAFE SEX TOYS,1,1
SINDHU INTERNATIONAL,1,1
SINGLE SHOT,1,1
SINNERS PIZZA,1,1
SIP HOUSE,1,1
SIP N YAP,1,1
SIX FIGURE CATERING,1,1
SIX PACK FOODS,1,1
SIZZLE CRUNCH,1,1
SIZZLE CRUNCH 5,1,1
SKILLET DINER,1,1
SKY HIGH GARDENS,1,1
SLAVE TO THE NEEDLE TATTOO,1,1
SLEEPLESS CITY DONUTS,1,1
SMA5H,1,1
SMALL BUSINEZ AUTHORITY,1,1
SMILE THAII CUISINE,1,1
SMITH,1,1
SMOKE STOP,1,1
SNACK SMOKE MART,1,1
SNIP THAT ASH,1,1
SNOW DAY,1,1
SOCIAL SKINS,1,1
SODEXO AMERICA META SEATTLE RL,1,1
SODO POKE MORE,1,1
SODO TECH,1,1
SOFTWEAR PRINTS,1,1
SOJU ANJU BAR,1,1
SOL LIQUOR LOUNGE,1,1
SOLETTE,1,1
SOLIDSTATE,1,1
SOLL,1,1
SOLO NOODLE,1,1
SOLOCO MUSIC,1,1
SOMATIC VR,1,1
SOMOS,1,1
SOMTAM THAI,1,1
SONGS POLYNESIAN MARKET DELI,1,1
SOPHIAHN,1,1
SORT,1,1
SOUTHSEA GROCERY,1,1
SPARKLE STEW,1,1
SPAVIA,1,1
SPEX IN THE CITY,1,1
SPICE BLISS ON WHEELS,1,1
SPICE BOX,1,1
SPIN CYCLE,1,1
SPORELUST,1,1
SPOTTED OWL BERGER VARIETY SHOP,1,1
SPRSSO,1,1
SQUARES WORKS,1,1
SRAVANTHIN,1,1
SSAFFRON SPICE,1,1
ST JOHNS BAR EATERY,1,1
ST NECTARIOS PRESS BOOK CENTER,1,1
ST SPIRIDONS CATHEDRAL,1,1
STANFORD S RESTAURANT BAR,1,1
STAR,1,1
STAR LIFE OASIS CAFE,1,1
STARBUCKS COFFEE 100,1,1
STARBUCKS COFFEE 112,1,1
STARBUCKS COFFEE 15253,1,1
STARBUCKS COFFEE 3363,1,1
STARBUCKS COFFEE 389,1,1
STARBUCKS COFFEE 67116,1,1
STARBUCKS COFFEE 7941,1,1
STARBUCKS COFFEE 9303,1,1
STARBUCKS RESERVE,1,1
STARBUCKS RESERVE ROASTERY TASTING RM 22344,1,1
STARLING SALON COLLECTIVE,1,1
STEEL CUTS,1,1
STEELE BARBER,1,1
STEVE JENSEN STUDIOS,1,1
STEVIE S FAMOUS BEACON HILL,1,1
STILL 48 NORTH,1,1
STITCH CAFE,1,1
STITCHES,1,1
STREET TREATS,1,1
STROLL ROVER,1,1
STRUT UR MUTT DOG WALKING SERVICE,1,1
STT SPORTS LETTERING COMPANY,1,1
STUDIO 229,1,1
STUDIO 4 BROW,1,1
STUDIO 9003,1,1
STUDIO HEXE,1,1
STUDIO TOUJOURS,1,1
STUDIOHAIR 120,1,1
STUDIOLIFE,1,1
STUMBLING MONK,1,1
STYLED BY SYD,1,1
STYLUS,1,1
SUBTLE BODY SOLUTIONS,1,1
SUBWAY 49400,1,1
SUES STUFF,1,1
SUGAR SHEARS SALON ORGANIC SPA,1,1
SUGAR SUGAR LIFESTYLE SPA BOUTIQUE,1,1
SUGARING NYC CAPITOL HILL,1,1
SULTAN,1,1
SUMMIT FOODS,1,1
SUMMIT PUBLIC HOUSE,1,1
SUMMIT SELVAGE,1,1
SUMO EXPRESS HIBACHI SUSHI,1,1
SUMO EXPRESS JAPANESE RESTAURANT,1,1
SUN KISSED SMOOTHIES SUPPLEMENTS,1,1
SUNBLOOM,1,1
SUNDAY FISHING,1,1
SUNLIGHT CAFE,1,1
SUNNY ISLAND NAILS AND SPA,1,1
SUNRISE MASSAGE,1,1
SUNRISE SPA,1,1
SUNS OUT CREATIVE,1,1
SUNSHINE FLOWER,1,1
SUPER JOCK N JILL,1,1
SUPERCICLE ICE CREAM,1,1
SUPERNOVA,1,1
SUPREME CUTZ,1,1
SUPREME DUMPLINGS,1,1
SUPREME WINGS,1,1
SUSAN K OSHIE,1,1
SUSHI BY SCRATCH RESTAURANTS SEATTLE,1,1
SUSHI HAN,1,1
SUSHI KATSU YA,1,1
SUSHI TOKYO,1,1
SUSHISUN,1,1
SUZANNE MARIE TILLEY,1,1
SUZIES,1,1
SWAY CAKE,1,1
SWEET ALCHEMY ICE CREAMERY,1,1
SWEET MOMMA BROWNS,1,1
SWEET YOU,1,1
SWEETS TASTE OF CARIBBEAN,1,1
SWIFT,1,1
SY PHARMACY WELLNESS,1,1
T REX,1,1
T ZONE,1,1
TAC,1,1
TACO CITY TAQUERIA,1,1
TACO STREET,1,1
TACORTIZ,1,1
TACOS AND SHUCOS,1,1
TACOS COMETA,1,1
TACOS LOCOS,1,1
TAHA MINI MART,1,1
TAI FOONG USA,1,1
TAKAKOGRAPHY,1,1
TAKUMI SUSHI,1,1
TAMALE MY LIFE,1,1
TAMARIND TREE RESTAURANT,1,1
TAN DINH DELI,1,1
TANDOORI FLAME INDIAN GRILL,1,1
TANEDA SUSHI IN KAISEKI,1,1
TAPROOT CAFE BAR,1,1
TAQUERIA COSTA ALEGRE,1,1
TAQUERIA EL 5 DE MAYO,1,1
TAQUERIA EL PASTORCITO 2,1,1
TAQUERIA EL RINCONSITO,1,1
TAQUERIA ENTRADA SALIDA,1,1
TAQUERIA LA MEXICANA,1,1
TAQUERIA LA PASADITA,1,1
TAQUERIA LOS POTRILLOS,1,1
TAQUERIA SANCHEZ BRAMBILA,1,1
TAQUERIA TEHUACAN,1,1
TARGET OPTICAL SHOP 4125,1,1
TASHAS PUDDINN PALACE,1,1
TASTE BUDS WELLNESS,1,1
TASTE OF INDIA,1,1
TASTE OF XIAN,1,1
TASTY POT,1,1
TATTOO PARLOR,1,1
TATTOOS BY CHRISTOPHER,1,1
TAURUS OX,1,1
TED BROWN MUSIC COMPANY,1,1
TEDDYS OFF ROOSEVELT,1,1
TEETH OF TURTUOISE,1,1
TELE HUB,1,1
TELLES ROBERTA A,1,1
TENOCH MEXICAN GRILL,1,1
TERIYAKI MADNESS,1,1
TERIYAKI PLUS,1,1
TERRA FLEURS,1,1
TERRISUKIYAKI,1,1
TEZO TOBIS,1,1
THAI FUSION BISTRO,1,1
THAI GER ROOM,1,1
THAI LUCINE,1,1
THAI OCEAN RESTAURANT,1,1
THAI TOM,1,1
THAI WISDOM CAPITOL HILL,1,1
THAN BROTHERS RESTAURANT,1,1
THAN BROTHERS RESTAURANTS,1,1
THANH PHAT TAI MARKET,1,1
THANH TAM RESTAURANT,1,1
THANH VI RESTAURANT,1,1
THAPRACHAN,1,1
THAT SANDWICH,1,1
THE 3RD LIL PIG,1,1
THE ALLEY UW,1,1
THE ANTIQUE NOMAD,1,1
THE AUDIO CONNECTION,1,1
THE BAKEREE BELLTOWN,1,1
THE BEAN COLLECTION,1,1
THE BEAN WAREHOUSE,1,1
THE BLUE MOON,1,1
THE BOB,1,1
THE BURLESQUE BOUTIQUE,1,1
THE BUTCHER S TABLE,1,1
THE CAT NAILS SPA,1,1
THE CITY SMOKE SHOP,1,1
THE COMEBACK,1,1
THE COMET,1,1
THE COMFORT ZONE RESTAURANT,1,1
THE CRAMP SEATTLE,1,1
THE CRESCENT LOUNGE,1,1
THE DISH CAFE,1,1
THE DOCTORS OFFICE,1,1
THE ESCONDITE,1,1
THE FRENCH GUYS,1,1
THE GEM SYNDICATE,1,1
THE GLASS DEPT,1,1
THE GLOBE BOOKSTORE,1,1
THE GREEN GARGOYLE,1,1
THE GRILL FROM IPANEMA,1,1
THE GUILT TRIP,1,1
THE HAIR CONNECTION,1,1
THE HAWAII GENERAL STORE GALLERY,1,1
THE HERBALIST,1,1
THE JILTED SIREN,1,1
THE JOINT,1,1
THE KRAKEN BAR LOUNGE,1,1
THE LASH LADY,1,1
THE LASH SUPPLY SEATTLE,1,1
THE MADISON PUB,1,1
THE MOO BAR,1,1
THE NA SOMMELIER,1,1
THE NAIL ROOM,1,1
THE NEST ARCADE,1,1
THE NEW SIREN TAVERN,1,1
THE NOT EMPTY BOX,1,1
THE OPEN BOOK,1,1
THE ORIGINAL LISAB VINTAGE,1,1
THE ORIGINAL PHILLYS,1,1
THE PATIO FINE THAI CUISINE,1,1
THE POKEMON COMPANY INTERNATIONAL,1,1
THE POWER PLANT SEATTLE,1,1
THE PRESS BOX,1,1
THE QUARTERS IN DA CUT,1,1
THE REBEL,1,1
THE RED BALLOON,1,1
THE REEF,1,1
THE ROLLING GARDENS,1,1
THE SEATTLE SPREAD,1,1
THE SHERWIN WILLIAMS 1507,1,1
THE SHERWIN WILLIAMS 3546,1,1
THE SHERWIN WILLIAMS 8156,1,1
THE SHOP AGORA,1,1
THE SHOP CLUB SEATTLE,1,1
THE SOAP SNAIL,1,1
THE SOWING COLLECTIVE,1,1
THE SPOT SMOKE SHOP,1,1
THE STATION COFFEE SHOP,1,1
THE STATION COLUMBIA CITY,1,1
THE TASTY MOMENTS,1,1
THE TEAPOT VEGAN HOUSE,1,1
THE TIME SHOP,1,1
THE UPS STORE,1,1
THE VAJRA,1,1
THE VELVET ELK,1,1
THE WASH BAR,1,1
THE WAXING BOUTIQUE,1,1
THE WESTY ROOSEVELT,1,1
THE WHITE DOOR BRIDAL,1,1
THERESTAURANTWAREHOUSE COM,1,1
THIEN PHAT RESTAURANT,1,1
THIEN PHUOC JEWELRY,1,1
THISTLE AND THORN FLORISTRY,1,1
THISTLE POPPY,1,1
THO,1,1
THOMAS MARKET,1,1
THREE SACKS FULL,1,1
THROWBACKS NW,1,1
THT,1,1
THUC CAFE,1,1
THUY DUONG MUSIC CENTER,1,1
THUY TRAN,1,1
THY THY,1,1
TI 22,1,1
TIAN FU,1,1
TIFFANEY HOWLAND,1,1
TIFFANY GOUGH,1,1
TIG KITCHEN BAR,1,1
TILE FOR LESS,1,1
TIME BISTRO,1,1
TIMELESS TEA,1,1
TIMOTHY DE CLUE COLLECTION,1,1
TIMS BARBER SHOP,1,1
TINA ETHIOPIAN AND ERITREAN RESTAURANT,1,1
TINAS HAIR NAIL SALON,1,1
TITLE 9 SPORTS,1,1
TJS STREET TACOS,1,1
TK COSMETICS,1,1
TOAST MI,1,1
TOASTED,1,1
TOBACCO LEAF,1,1
TOKKI YA,1,1
TOKYO STANDARDS,1,1
TOKYO TRENDY,1,1
TONYS DELI,1,1
TORI 10 SEATTLE,1,1
TORO SUSHI HAND ROLL BAR,1,1
TOTAL WINE MORE,1,1
TOURE APPAREL,1,1
TOURNITEK,1,1
TOUS LES JOURS BAKERY,1,1
TOUS LES JOURS BAKERY CAPITOL HILL,1,1
TRACYS HAIR STUDIO,1,1
TRADER JOES 130,1,1
TRADER JOES 137,1,1
TRANSADAPT,1,1
TRAVELING T SHIRT FANS,1,1
TREEREX,1,1
TRENDY WENDY,1,1
TREZO,1,1
TRI ORGANIC SPA,1,1
TRINITY MARKET DELI,1,1
TROVEPORIUM,1,1
TRUCK DOG,1,1
TTL HOLDINGS,1,1
TURKISTAN,1,1
TURTLE TURTLE SOUND SYSTEM,1,1
TUTTA BELLA,1,1
TUTTA BELLA NEAPOLITAN PIZZERIA,1,1
TWEEDY POPP HARDWARE AT UW,1,1
TWICE SOLD TALES,1,1
U DON FRESH JAPANESE NOODLE STATION,1,1
U KNOW ME,1,1
U SMOKE,1,1
UGLY MUG CAFE AND COFFEE ROASTERS,1,1
ULTRA CLEANER,1,1
UMAI DO JAPANESE SWEETS,1,1
UMI SAKE HOUSE,1,1
UNCOMMON MONDAY,1,1
UNDERU4MEN SEATTLE,1,1
UNDINE,1,1
UNICORN BAR RESTAURANT,1,1
UNION,1,1
UNION N,1,1
UNIVERSITY AV BARBER STYLE SHOP,1,1
UNIVERSITY BOOK STORE,1,1
UNIVERSITY CANINE LEARNING ACADEMY,1,1
UNIVERSITY CHEVRON,1,1
UNIVERSITY DISTRICT FOOD BANK,1,1
UNIVERSITY DISTRICT YOGA,1,1
UNIVERSITY FOOD BEVERAGE MARKET,1,1
UNIVERSITY SMOKE SHOP,1,1
UNIVERSITY TERIYAKI BAKERY,1,1
UNIVERSITY VW AUDI SEATTLE,1,1
UNREPLICATED,1,1
UNVERSITY 76,1,1
UPTIGHT HAIR DESIGN,1,1
UPTOWN ESPRESSO BELLTOWN,1,1
URBAN DOG ADVENTURES,1,1
URBAN FEED GARDEN,1,1
URBAN MART,1,1
URBAN NAILS,1,1
URBAN SEACOW,1,1
URBAN SERPENTS,1,1
URL,1,1
USED FURNITURE,1,1
UTANGA BARBERSHOP,1,1
UTOPIA,1,1
UW SEATTLE BEST TEA,1,1
UW SMOKE SHOP,1,1
UWMC GIFT SHOP,1,1
UWMC LOBBY ESPRESSO,1,1
UWMC PAVILLION ESPRESSO,1,1
UWMC ROOSEVELT ESPRESSO,1,1
VACA LOCA THE LATIN TASTE,1,1
VALE CAFE,1,1
VALENTINE HEALTH AND WELLNESS,1,1
VANY BEAUTY HAIR SALON,1,1
VARIEDADES TIPICO DE GUATEMALA,1,1
VELVET CRUSH,1,1
VENSPARK,1,1
VERIDIS,1,1
VERMILLION,1,1
VERSUS APPAREL,1,1
VIA TRIBUNALI,1,1
VIENGKEO VINKHAMPRASEUTH,1,1
VIENTIANE GROCERY,1,1
VIETNAM HOUSE,1,1
VIFON INTERNATIONAL,1,1
VILLAGE SUSHI,1,1
VINASON PHO,1,1
VINASON PHO GRILL,1,1
VINDICKTIVE BAR WINGS,1,1
VINO VERITE,1,1
VINTAGE BY CLAUDINE,1,1
VINTAGE COSTUMERS,1,1
VINTAGE CURATOR,1,1
VINTAGE IN SEATTLE,1,1
VIOLET,1,1
VUE LOUNGE,1,1
WA AUTO BODY REPAIR SALE,1,1
WA CHAIN SUPPLY,1,1
WA SUPPLY,1,1
WABI SABI,1,1
WALGREENS 04157,1,1
WALGREENS 05950,1,1
WALGREENS 06590,1,1
WALGREENS 06890,1,1
WALGREENS SPECIALTY PHARMACY,1,1
WALLINGFORD SHELL,1,1
WASABI BISTRO,1,1
WASABI SUSHI IZAKAYA,1,1
WASHBURN JENNIFER,1,1
WASHINGTON ONE HOUR CLEANERS,1,1
WATERSHED PUB KITCHEN,1,1
WAX ON BEAUTY CENTER,1,1
WAXING MOON SPA,1,1
WAXOLOGY A BEAUTY BOUTIQUE,1,1
WAYWARD VEGAN CAFE,1,1
WAZA TOKYO,1,1
WEEBS AND DWEEBS,1,1
WEI PIING LIAO,1,1
WELCOME NAILS SPA,1,1
WENDY SUE DESIGN,1,1
WENQIONG YANG,1,1
WEST 16TH VINTAGE,1,1
WEST ELM 670,1,1
WESTMANS BAGEL COFFEE,1,1
WETHERHOLT SALON AND SPA,1,1
WHALE EXPRESS MARKET DELI,1,1
WHAT S YOUR MOOD,1,1
WHAT THE DUCK,1,1
WHATCHA SMOKIN BBQ,1,1
WHATS THE JUICE,1,1
WHOLLY TRINITY,1,1
WIBOTIC,1,1
WILD CATS CATERING,1,1
WILD GINGER MCKENZIE,1,1
WILD HARE GOODS AND THINGS,1,1
WILDROSE THE,1,1
WINDTHROW,1,1
WINDY CITY PIE,1,1
WINGSTOP 1046,1,1
WINGSTOP 2325,1,1
WINGSTOP 2616,1,1
WINK EYEWEAR,1,1
WIZARD MAILLE,1,1
WOLFGANG PUCK CATERING EVENTS,1,1
WONG FAMILY SUSHI,1,1
WONG TUNG SEAFOOD,1,1
WOOF GANG BAKERY GROOMING CAPITOL HILL,1,1
WORLD OF SMOKE VAPE,1,1
WUNDERGROUND RETAIL CAP HILL,1,1
X TASTY WORLD,1,1
XOFIFI,1,1
XQT BEAUTY,1,1
XTRACTED LABORATORIES 502,1,1
Y S HOMEPLACE MOBILE VINTAGE BOUTIQUE,1,1
YALLA,1,1
YELLOW,1,1
YGF MALATANG,1,1
YK TRADING,1,1
YOGOTOPIA,1,1
YORDA BEAUTY SALON,1,1
YOU ARE NATURE WELLNESS,1,1
YOUR KUYAS,1,1
YU SUSHI KATSU,1,1
YUKIS DIFFUSION,1,1
YUM YUM THAI RESTAURANT,1,1
YUMMY WAHOO,1,1
YUN WEI HOLDINGS,1,1
YUU TEA CAFE,1,1
YVEY,1,1
ZAIN,1,1
ZANZI BAR,1,1
ZARY BAKERY,1,1
ZEST FAST FOOD RESTAURANT,1,1
ZETTI BRAND,1,1
ZI MANAGEMENT,1,1
ZIONS GATE RECORDS,1,1
ZNZ OIL TREATMENT,1,1
ZOES LOST FOUND,1,1
ZOONY PETS,1,1
