station,businesses_within_0_3mi,density_per_sq_mi,avg_monthly_boardings
Beacon Hill,58,205.46293047498597,83161
Capitol Hill,204,722.6627209809851,278486
Columbia City,45,159.41089433404082,65316
International District/Chinatown,293,1037.9420453305324,163726
Mount Baker,39,138.1561084228354,71062
Northgate,17,60.22189341508209,120581
Othello,65,230.26018070472563,72809
Pioneer Square,293,1037.9420453305324,95100
Rainier Beach,13,46.05203614094513,49176
Roosevelt,82,290.48207411980775,115264
SODO,110,389.67107503876645,63313
Stadium,15,53.136964778013606,66458
Symphony,543,1923.5581249640927,138262
U District,235,832.4791148555465,213314
University of Washington,5,17.712321592671202,152748
Westlake,623,2206.955270446832,359338
